Record Length,2.500000e+03,,   0.447300000000,   0.13200,
Sample Interval,1.000000e-05,,   0.447310000000,   0.13120,
Trigger Point,-4.473000000000e+04,,   0.447320000000,   0.13160,
,,,   0.447330000000,   0.13160,
,,,   0.447340000000,   0.13120,
,,,   0.447350000000,   0.13160,
Source,CH1,,   0.447360000000,   0.13240,
Vertical Units,V,,   0.447370000000,   0.13120,
Vertical Scale,1.000000e-02,,   0.447380000000,   0.13280,
Vertical Offset,-1.176000e-01,,   0.447390000000,   0.13160,
Horizontal Units,s,,   0.447400000000,   0.13160,
Horizontal Scale,2.500000e-03,,   0.447410000000,   0.13080,
Pt Fmt,Y,,   0.447420000000,   0.13200,
Yzero,0.000000e+00,,   0.447430000000,   0.13160,
Probe Atten,1.000000e+00,,   0.447440000000,   0.13240,
Model Number,TDS2024B,,   0.447450000000,   0.13200,
Serial Number,C104833,,   0.447460000000,   0.13160,
Firmware Version,FV:v24.02,,   0.447470000000,   0.13120,
,,,0.447480000000,   0.13160,
,,,0.447490000000,   0.13120,
,,,0.447500000000,   0.13120,
,,,0.447510000000,   0.13080,
,,,0.447520000000,   0.13040,
,,,0.447530000000,   0.13120,
,,,0.447540000000,   0.13200,
,,,0.447550000000,   0.13160,
,,,0.447560000000,   0.13120,
,,,0.447570000000,   0.13080,
,,,0.447580000000,   0.13080,
,,,0.447590000000,   0.13200,
,,,0.447600000000,   0.13280,
,,,0.447610000000,   0.13080,
,,,0.447620000000,   0.13160,
,,,0.447630000000,   0.13200,
,,,0.447640000000,   0.13240,
,,,0.447650000000,   0.13160,
,,,0.447660000000,   0.13200,
,,,0.447670000000,   0.13200,
,,,0.447680000000,   0.13160,
,,,0.447690000000,   0.13160,
,,,0.447700000000,   0.13240,
,,,0.447710000000,   0.13200,
,,,0.447720000000,   0.13240,
,,,0.447730000000,   0.13200,
,,,0.447740000000,   0.13280,
,,,0.447750000000,   0.13280,
,,,0.447760000000,   0.13280,
,,,0.447770000000,   0.13320,
,,,0.447780000000,   0.13200,
,,,0.447790000000,   0.13200,
,,,0.447800000000,   0.13280,
,,,0.447810000000,   0.13280,
,,,0.447820000000,   0.13280,
,,,0.447830000000,   0.13360,
,,,0.447840000000,   0.13360,
,,,0.447850000000,   0.13360,
,,,0.447860000000,   0.13400,
,,,0.447870000000,   0.13280,
,,,0.447880000000,   0.13280,
,,,0.447890000000,   0.13360,
,,,0.447900000000,   0.13240,
,,,0.447910000000,   0.13200,
,,,0.447920000000,   0.13320,
,,,0.447930000000,   0.13280,
,,,0.447940000000,   0.13400,
,,,0.447950000000,   0.13320,
,,,0.447960000000,   0.13280,
,,,0.447970000000,   0.13280,
,,,0.447980000000,   0.13280,
,,,0.447990000000,   0.13280,
,,,0.448000000000,   0.13240,
,,,0.448010000000,   0.13280,
,,,0.448020000000,   0.13080,
,,,0.448030000000,   0.13280,
,,,0.448040000000,   0.13240,
,,,0.448050000000,   0.13320,
,,,0.448060000000,   0.13120,
,,,0.448070000000,   0.13120,
,,,0.448080000000,   0.13200,
,,,0.448090000000,   0.13160,
,,,0.448100000000,   0.13240,
,,,0.448110000000,   0.13200,
,,,0.448120000000,   0.12960,
,,,0.448130000000,   0.13040,
,,,0.448140000000,   0.13120,
,,,0.448150000000,   0.13120,
,,,0.448160000000,   0.13160,
,,,0.448170000000,   0.13120,
,,,0.448180000000,   0.13040,
,,,0.448190000000,   0.13080,
,,,0.448200000000,   0.13000,
,,,0.448210000000,   0.13040,
,,,0.448220000000,   0.13040,
,,,0.448230000000,   0.13000,
,,,0.448240000000,   0.13040,
,,,0.448250000000,   0.12960,
,,,0.448260000000,   0.13080,
,,,0.448270000000,   0.12920,
,,,0.448280000000,   0.12920,
,,,0.448290000000,   0.13000,
,,,0.448300000000,   0.12920,
,,,0.448310000000,   0.13000,
,,,0.448320000000,   0.12960,
,,,0.448330000000,   0.12960,
,,,0.448340000000,   0.13040,
,,,0.448350000000,   0.12920,
,,,0.448360000000,   0.12880,
,,,0.448370000000,   0.12800,
,,,0.448380000000,   0.12920,
,,,0.448390000000,   0.12960,
,,,0.448400000000,   0.12800,
,,,0.448410000000,   0.12880,
,,,0.448420000000,   0.12880,
,,,0.448430000000,   0.12880,
,,,0.448440000000,   0.12880,
,,,0.448450000000,   0.12760,
,,,0.448460000000,   0.12920,
,,,0.448470000000,   0.12920,
,,,0.448480000000,   0.12880,
,,,0.448490000000,   0.12800,
,,,0.448500000000,   0.12880,
,,,0.448510000000,   0.12800,
,,,0.448520000000,   0.12840,
,,,0.448530000000,   0.12840,
,,,0.448540000000,   0.12920,
,,,0.448550000000,   0.12760,
,,,0.448560000000,   0.12760,
,,,0.448570000000,   0.12800,
,,,0.448580000000,   0.12840,
,,,0.448590000000,   0.12800,
,,,0.448600000000,   0.12840,
,,,0.448610000000,   0.12840,
,,,0.448620000000,   0.12760,
,,,0.448630000000,   0.12720,
,,,0.448640000000,   0.12800,
,,,0.448650000000,   0.12720,
,,,0.448660000000,   0.12840,
,,,0.448670000000,   0.12840,
,,,0.448680000000,   0.12840,
,,,0.448690000000,   0.12800,
,,,0.448700000000,   0.12880,
,,,0.448710000000,   0.12760,
,,,0.448720000000,   0.12840,
,,,0.448730000000,   0.12840,
,,,0.448740000000,   0.12760,
,,,0.448750000000,   0.12840,
,,,0.448760000000,   0.12760,
,,,0.448770000000,   0.12920,
,,,0.448780000000,   0.12800,
,,,0.448790000000,   0.12760,
,,,0.448800000000,   0.12680,
,,,0.448810000000,   0.12800,
,,,0.448820000000,   0.12680,
,,,0.448830000000,   0.12800,
,,,0.448840000000,   0.12720,
,,,0.448850000000,   0.12720,
,,,0.448860000000,   0.12840,
,,,0.448870000000,   0.12800,
,,,0.448880000000,   0.12840,
,,,0.448890000000,   0.12800,
,,,0.448900000000,   0.12760,
,,,0.448910000000,   0.12800,
,,,0.448920000000,   0.12800,
,,,0.448930000000,   0.12880,
,,,0.448940000000,   0.12800,
,,,0.448950000000,   0.12720,
,,,0.448960000000,   0.12840,
,,,0.448970000000,   0.12800,
,,,0.448980000000,   0.12840,
,,,0.448990000000,   0.12800,
,,,0.449000000000,   0.12760,
,,,0.449010000000,   0.12800,
,,,0.449020000000,   0.12800,
,,,0.449030000000,   0.12880,
,,,0.449040000000,   0.12720,
,,,0.449050000000,   0.12800,
,,,0.449060000000,   0.12840,
,,,0.449070000000,   0.12800,
,,,0.449080000000,   0.12800,
,,,0.449090000000,   0.12880,
,,,0.449100000000,   0.12840,
,,,0.449110000000,   0.12880,
,,,0.449120000000,   0.12840,
,,,0.449130000000,   0.12800,
,,,0.449140000000,   0.12760,
,,,0.449150000000,   0.12840,
,,,0.449160000000,   0.12840,
,,,0.449170000000,   0.12760,
,,,0.449180000000,   0.12840,
,,,0.449190000000,   0.12960,
,,,0.449200000000,   0.12840,
,,,0.449210000000,   0.12920,
,,,0.449220000000,   0.12840,
,,,0.449230000000,   0.12920,
,,,0.449240000000,   0.12800,
,,,0.449250000000,   0.12920,
,,,0.449260000000,   0.12920,
,,,0.449270000000,   0.12800,
,,,0.449280000000,   0.12880,
,,,0.449290000000,   0.12880,
,,,0.449300000000,   0.12960,
,,,0.449310000000,   0.12840,
,,,0.449320000000,   0.12880,
,,,0.449330000000,   0.12760,
,,,0.449340000000,   0.13000,
,,,0.449350000000,   0.12880,
,,,0.449360000000,   0.12840,
,,,0.449370000000,   0.12960,
,,,0.449380000000,   0.12880,
,,,0.449390000000,   0.12840,
,,,0.449400000000,   0.12880,
,,,0.449410000000,   0.12960,
,,,0.449420000000,   0.12920,
,,,0.449430000000,   0.13040,
,,,0.449440000000,   0.12800,
,,,0.449450000000,   0.12880,
,,,0.449460000000,   0.12840,
,,,0.449470000000,   0.12920,
,,,0.449480000000,   0.12800,
,,,0.449490000000,   0.12960,
,,,0.449500000000,   0.12840,
,,,0.449510000000,   0.12920,
,,,0.449520000000,   0.12840,
,,,0.449530000000,   0.13000,
,,,0.449540000000,   0.12960,
,,,0.449550000000,   0.12880,
,,,0.449560000000,   0.13040,
,,,0.449570000000,   0.12960,
,,,0.449580000000,   0.13000,
,,,0.449590000000,   0.12800,
,,,0.449600000000,   0.12920,
,,,0.449610000000,   0.12920,
,,,0.449620000000,   0.12800,
,,,0.449630000000,   0.12920,
,,,0.449640000000,   0.12960,
,,,0.449650000000,   0.12880,
,,,0.449660000000,   0.12920,
,,,0.449670000000,   0.12960,
,,,0.449680000000,   0.13000,
,,,0.449690000000,   0.12960,
,,,0.449700000000,   0.12920,
,,,0.449710000000,   0.12920,
,,,0.449720000000,   0.12880,
,,,0.449730000000,   0.12880,
,,,0.449740000000,   0.12880,
,,,0.449750000000,   0.12880,
,,,0.449760000000,   0.12920,
,,,0.449770000000,   0.12960,
,,,0.449780000000,   0.12840,
,,,0.449790000000,   0.12960,
,,,0.449800000000,   0.12960,
,,,0.449810000000,   0.12920,
,,,0.449820000000,   0.12840,
,,,0.449830000000,   0.12840,
,,,0.449840000000,   0.12840,
,,,0.449850000000,   0.12880,
,,,0.449860000000,   0.12920,
,,,0.449870000000,   0.12840,
,,,0.449880000000,   0.12880,
,,,0.449890000000,   0.12880,
,,,0.449900000000,   0.12920,
,,,0.449910000000,   0.12880,
,,,0.449920000000,   0.12840,
,,,0.449930000000,   0.12920,
,,,0.449940000000,   0.12800,
,,,0.449950000000,   0.12880,
,,,0.449960000000,   0.12880,
,,,0.449970000000,   0.12960,
,,,0.449980000000,   0.12920,
,,,0.449990000000,   0.12920,
,,,0.450000000000,   0.12880,
,,,0.450010000000,   0.12960,
,,,0.450020000000,   0.12960,
,,,0.450030000000,   0.12840,
,,,0.450040000000,   0.12920,
,,,0.450050000000,   0.12840,
,,,0.450060000000,   0.12840,
,,,0.450070000000,   0.12920,
,,,0.450080000000,   0.12960,
,,,0.450090000000,   0.12800,
,,,0.450100000000,   0.12880,
,,,0.450110000000,   0.13000,
,,,0.450120000000,   0.12800,
,,,0.450130000000,   0.12880,
,,,0.450140000000,   0.12840,
,,,0.450150000000,   0.13000,
,,,0.450160000000,   0.12840,
,,,0.450170000000,   0.12920,
,,,0.450180000000,   0.12920,
,,,0.450190000000,   0.12880,
,,,0.450200000000,   0.12840,
,,,0.450210000000,   0.12840,
,,,0.450220000000,   0.12840,
,,,0.450230000000,   0.12880,
,,,0.450240000000,   0.12680,
,,,0.450250000000,   0.12800,
,,,0.450260000000,   0.12800,
,,,0.450270000000,   0.12920,
,,,0.450280000000,   0.12800,
,,,0.450290000000,   0.12800,
,,,0.450300000000,   0.12760,
,,,0.450310000000,   0.12920,
,,,0.450320000000,   0.12840,
,,,0.450330000000,   0.12720,
,,,0.450340000000,   0.12760,
,,,0.450350000000,   0.12800,
,,,0.450360000000,   0.12800,
,,,0.450370000000,   0.12800,
,,,0.450380000000,   0.12800,
,,,0.450390000000,   0.12880,
,,,0.450400000000,   0.12720,
,,,0.450410000000,   0.12760,
,,,0.450420000000,   0.12840,
,,,0.450430000000,   0.12880,
,,,0.450440000000,   0.12720,
,,,0.450450000000,   0.12840,
,,,0.450460000000,   0.12800,
,,,0.450470000000,   0.12800,
,,,0.450480000000,   0.12840,
,,,0.450490000000,   0.12720,
,,,0.450500000000,   0.12760,
,,,0.450510000000,   0.12760,
,,,0.450520000000,   0.12760,
,,,0.450530000000,   0.12720,
,,,0.450540000000,   0.12640,
,,,0.450550000000,   0.12800,
,,,0.450560000000,   0.12680,
,,,0.450570000000,   0.12720,
,,,0.450580000000,   0.12720,
,,,0.450590000000,   0.12800,
,,,0.450600000000,   0.12800,
,,,0.450610000000,   0.12800,
,,,0.450620000000,   0.12760,
,,,0.450630000000,   0.12720,
,,,0.450640000000,   0.12760,
,,,0.450650000000,   0.12760,
,,,0.450660000000,   0.12760,
,,,0.450670000000,   0.12720,
,,,0.450680000000,   0.12720,
,,,0.450690000000,   0.12640,
,,,0.450700000000,   0.12680,
,,,0.450710000000,   0.12680,
,,,0.450720000000,   0.12760,
,,,0.450730000000,   0.12760,
,,,0.450740000000,   0.12760,
,,,0.450750000000,   0.12640,
,,,0.450760000000,   0.12760,
,,,0.450770000000,   0.12680,
,,,0.450780000000,   0.12720,
,,,0.450790000000,   0.12760,
,,,0.450800000000,   0.12640,
,,,0.450810000000,   0.12720,
,,,0.450820000000,   0.12520,
,,,0.450830000000,   0.12600,
,,,0.450840000000,   0.12640,
,,,0.450850000000,   0.12680,
,,,0.450860000000,   0.12600,
,,,0.450870000000,   0.12680,
,,,0.450880000000,   0.12600,
,,,0.450890000000,   0.12600,
,,,0.450900000000,   0.12600,
,,,0.450910000000,   0.12600,
,,,0.450920000000,   0.12560,
,,,0.450930000000,   0.12560,
,,,0.450940000000,   0.12640,
,,,0.450950000000,   0.12600,
,,,0.450960000000,   0.12520,
,,,0.450970000000,   0.12560,
,,,0.450980000000,   0.12480,
,,,0.450990000000,   0.12680,
,,,0.451000000000,   0.12680,
,,,0.451010000000,   0.12560,
,,,0.451020000000,   0.12560,
,,,0.451030000000,   0.12600,
,,,0.451040000000,   0.12480,
,,,0.451050000000,   0.12640,
,,,0.451060000000,   0.12560,
,,,0.451070000000,   0.12560,
,,,0.451080000000,   0.12560,
,,,0.451090000000,   0.12480,
,,,0.451100000000,   0.12560,
,,,0.451110000000,   0.12560,
,,,0.451120000000,   0.12560,
,,,0.451130000000,   0.12560,
,,,0.451140000000,   0.12600,
,,,0.451150000000,   0.12600,
,,,0.451160000000,   0.12560,
,,,0.451170000000,   0.12640,
,,,0.451180000000,   0.12520,
,,,0.451190000000,   0.12560,
,,,0.451200000000,   0.12560,
,,,0.451210000000,   0.12480,
,,,0.451220000000,   0.12480,
,,,0.451230000000,   0.12480,
,,,0.451240000000,   0.12520,
,,,0.451250000000,   0.12560,
,,,0.451260000000,   0.12440,
,,,0.451270000000,   0.12560,
,,,0.451280000000,   0.12560,
,,,0.451290000000,   0.12480,
,,,0.451300000000,   0.12520,
,,,0.451310000000,   0.12480,
,,,0.451320000000,   0.12560,
,,,0.451330000000,   0.12480,
,,,0.451340000000,   0.12560,
,,,0.451350000000,   0.12440,
,,,0.451360000000,   0.12480,
,,,0.451370000000,   0.12440,
,,,0.451380000000,   0.12520,
,,,0.451390000000,   0.12400,
,,,0.451400000000,   0.12480,
,,,0.451410000000,   0.12440,
,,,0.451420000000,   0.12480,
,,,0.451430000000,   0.12400,
,,,0.451440000000,   0.12360,
,,,0.451450000000,   0.12360,
,,,0.451460000000,   0.12440,
,,,0.451470000000,   0.12400,
,,,0.451480000000,   0.12400,
,,,0.451490000000,   0.12400,
,,,0.451500000000,   0.12400,
,,,0.451510000000,   0.12480,
,,,0.451520000000,   0.12440,
,,,0.451530000000,   0.12360,
,,,0.451540000000,   0.12400,
,,,0.451550000000,   0.12280,
,,,0.451560000000,   0.12360,
,,,0.451570000000,   0.12360,
,,,0.451580000000,   0.12320,
,,,0.451590000000,   0.12480,
,,,0.451600000000,   0.12440,
,,,0.451610000000,   0.12400,
,,,0.451620000000,   0.12400,
,,,0.451630000000,   0.12400,
,,,0.451640000000,   0.12360,
,,,0.451650000000,   0.12320,
,,,0.451660000000,   0.12320,
,,,0.451670000000,   0.12400,
,,,0.451680000000,   0.12360,
,,,0.451690000000,   0.12280,
,,,0.451700000000,   0.12320,
,,,0.451710000000,   0.12360,
,,,0.451720000000,   0.12320,
,,,0.451730000000,   0.12440,
,,,0.451740000000,   0.12320,
,,,0.451750000000,   0.12240,
,,,0.451760000000,   0.12360,
,,,0.451770000000,   0.12360,
,,,0.451780000000,   0.12360,
,,,0.451790000000,   0.12320,
,,,0.451800000000,   0.12440,
,,,0.451810000000,   0.12240,
,,,0.451820000000,   0.12320,
,,,0.451830000000,   0.12320,
,,,0.451840000000,   0.12320,
,,,0.451850000000,   0.12200,
,,,0.451860000000,   0.12240,
,,,0.451870000000,   0.12240,
,,,0.451880000000,   0.12320,
,,,0.451890000000,   0.12200,
,,,0.451900000000,   0.12240,
,,,0.451910000000,   0.12320,
,,,0.451920000000,   0.12320,
,,,0.451930000000,   0.12200,
,,,0.451940000000,   0.12240,
,,,0.451950000000,   0.12240,
,,,0.451960000000,   0.12200,
,,,0.451970000000,   0.12320,
,,,0.451980000000,   0.12280,
,,,0.451990000000,   0.12280,
,,,0.452000000000,   0.12240,
,,,0.452010000000,   0.12280,
,,,0.452020000000,   0.12160,
,,,0.452030000000,   0.12320,
,,,0.452040000000,   0.12320,
,,,0.452050000000,   0.12200,
,,,0.452060000000,   0.12120,
,,,0.452070000000,   0.12200,
,,,0.452080000000,   0.12160,
,,,0.452090000000,   0.12200,
,,,0.452100000000,   0.12040,
,,,0.452110000000,   0.12200,
,,,0.452120000000,   0.12120,
,,,0.452130000000,   0.12200,
,,,0.452140000000,   0.12160,
,,,0.452150000000,   0.12240,
,,,0.452160000000,   0.12080,
,,,0.452170000000,   0.12200,
,,,0.452180000000,   0.12120,
,,,0.452190000000,   0.12200,
,,,0.452200000000,   0.12200,
,,,0.452210000000,   0.12120,
,,,0.452220000000,   0.12120,
,,,0.452230000000,   0.12080,
,,,0.452240000000,   0.12200,
,,,0.452250000000,   0.12160,
,,,0.452260000000,   0.12120,
,,,0.452270000000,   0.12120,
,,,0.452280000000,   0.12080,
,,,0.452290000000,   0.12040,
,,,0.452300000000,   0.12080,
,,,0.452310000000,   0.12120,
,,,0.452320000000,   0.12160,
,,,0.452330000000,   0.12120,
,,,0.452340000000,   0.12080,
,,,0.452350000000,   0.12000,
,,,0.452360000000,   0.12120,
,,,0.452370000000,   0.12120,
,,,0.452380000000,   0.12040,
,,,0.452390000000,   0.12120,
,,,0.452400000000,   0.12040,
,,,0.452410000000,   0.12120,
,,,0.452420000000,   0.12080,
,,,0.452430000000,   0.12080,
,,,0.452440000000,   0.12080,
,,,0.452450000000,   0.12120,
,,,0.452460000000,   0.12040,
,,,0.452470000000,   0.12160,
,,,0.452480000000,   0.12120,
,,,0.452490000000,   0.11960,
,,,0.452500000000,   0.12080,
,,,0.452510000000,   0.12000,
,,,0.452520000000,   0.11960,
,,,0.452530000000,   0.12000,
,,,0.452540000000,   0.12120,
,,,0.452550000000,   0.12080,
,,,0.452560000000,   0.12000,
,,,0.452570000000,   0.11960,
,,,0.452580000000,   0.12080,
,,,0.452590000000,   0.12040,
,,,0.452600000000,   0.12000,
,,,0.452610000000,   0.11960,
,,,0.452620000000,   0.12000,
,,,0.452630000000,   0.12000,
,,,0.452640000000,   0.12000,
,,,0.452650000000,   0.12000,
,,,0.452660000000,   0.11960,
,,,0.452670000000,   0.11960,
,,,0.452680000000,   0.11840,
,,,0.452690000000,   0.11920,
,,,0.452700000000,   0.11880,
,,,0.452710000000,   0.12080,
,,,0.452720000000,   0.11920,
,,,0.452730000000,   0.11880,
,,,0.452740000000,   0.11880,
,,,0.452750000000,   0.11960,
,,,0.452760000000,   0.11840,
,,,0.452770000000,   0.12000,
,,,0.452780000000,   0.11920,
,,,0.452790000000,   0.11960,
,,,0.452800000000,   0.12000,
,,,0.452810000000,   0.11960,
,,,0.452820000000,   0.11920,
,,,0.452830000000,   0.11920,
,,,0.452840000000,   0.11880,
,,,0.452850000000,   0.11920,
,,,0.452860000000,   0.11920,
,,,0.452870000000,   0.11920,
,,,0.452880000000,   0.11840,
,,,0.452890000000,   0.11840,
,,,0.452900000000,   0.11880,
,,,0.452910000000,   0.11920,
,,,0.452920000000,   0.11880,
,,,0.452930000000,   0.11960,
,,,0.452940000000,   0.11840,
,,,0.452950000000,   0.11800,
,,,0.452960000000,   0.11720,
,,,0.452970000000,   0.11840,
,,,0.452980000000,   0.11840,
,,,0.452990000000,   0.11800,
,,,0.453000000000,   0.11840,
,,,0.453010000000,   0.11880,
,,,0.453020000000,   0.11800,
,,,0.453030000000,   0.11840,
,,,0.453040000000,   0.11880,
,,,0.453050000000,   0.11920,
,,,0.453060000000,   0.11800,
,,,0.453070000000,   0.11840,
,,,0.453080000000,   0.11760,
,,,0.453090000000,   0.11840,
,,,0.453100000000,   0.11840,
,,,0.453110000000,   0.11840,
,,,0.453120000000,   0.11720,
,,,0.453130000000,   0.11800,
,,,0.453140000000,   0.11760,
,,,0.453150000000,   0.11840,
,,,0.453160000000,   0.11760,
,,,0.453170000000,   0.11840,
,,,0.453180000000,   0.11840,
,,,0.453190000000,   0.11800,
,,,0.453200000000,   0.11800,
,,,0.453210000000,   0.11760,
,,,0.453220000000,   0.11840,
,,,0.453230000000,   0.11880,
,,,0.453240000000,   0.11840,
,,,0.453250000000,   0.11800,
,,,0.453260000000,   0.11800,
,,,0.453270000000,   0.11800,
,,,0.453280000000,   0.11720,
,,,0.453290000000,   0.11760,
,,,0.453300000000,   0.11800,
,,,0.453310000000,   0.11800,
,,,0.453320000000,   0.11720,
,,,0.453330000000,   0.11680,
,,,0.453340000000,   0.11760,
,,,0.453350000000,   0.11720,
,,,0.453360000000,   0.11760,
,,,0.453370000000,   0.11800,
,,,0.453380000000,   0.11760,
,,,0.453390000000,   0.11760,
,,,0.453400000000,   0.11840,
,,,0.453410000000,   0.11640,
,,,0.453420000000,   0.11720,
,,,0.453430000000,   0.11680,
,,,0.453440000000,   0.11760,
,,,0.453450000000,   0.11680,
,,,0.453460000000,   0.11680,
,,,0.453470000000,   0.11600,
,,,0.453480000000,   0.11760,
,,,0.453490000000,   0.11720,
,,,0.453500000000,   0.11640,
,,,0.453510000000,   0.11640,
,,,0.453520000000,   0.11720,
,,,0.453530000000,   0.11720,
,,,0.453540000000,   0.11720,
,,,0.453550000000,   0.11720,
,,,0.453560000000,   0.11720,
,,,0.453570000000,   0.11640,
,,,0.453580000000,   0.11640,
,,,0.453590000000,   0.11640,
,,,0.453600000000,   0.11680,
,,,0.453610000000,   0.11640,
,,,0.453620000000,   0.11720,
,,,0.453630000000,   0.11520,
,,,0.453640000000,   0.11600,
,,,0.453650000000,   0.11600,
,,,0.453660000000,   0.11640,
,,,0.453670000000,   0.11640,
,,,0.453680000000,   0.11680,
,,,0.453690000000,   0.11520,
,,,0.453700000000,   0.11520,
,,,0.453710000000,   0.11560,
,,,0.453720000000,   0.11480,
,,,0.453730000000,   0.11600,
,,,0.453740000000,   0.11520,
,,,0.453750000000,   0.11600,
,,,0.453760000000,   0.11520,
,,,0.453770000000,   0.11640,
,,,0.453780000000,   0.11480,
,,,0.453790000000,   0.11520,
,,,0.453800000000,   0.11440,
,,,0.453810000000,   0.11560,
,,,0.453820000000,   0.11480,
,,,0.453830000000,   0.11520,
,,,0.453840000000,   0.11520,
,,,0.453850000000,   0.11520,
,,,0.453860000000,   0.11560,
,,,0.453870000000,   0.11520,
,,,0.453880000000,   0.11520,
,,,0.453890000000,   0.11520,
,,,0.453900000000,   0.11520,
,,,0.453910000000,   0.11480,
,,,0.453920000000,   0.11480,
,,,0.453930000000,   0.11600,
,,,0.453940000000,   0.11560,
,,,0.453950000000,   0.11480,
,,,0.453960000000,   0.11520,
,,,0.453970000000,   0.11520,
,,,0.453980000000,   0.11520,
,,,0.453990000000,   0.11520,
,,,0.454000000000,   0.11440,
,,,0.454010000000,   0.11480,
,,,0.454020000000,   0.11400,
,,,0.454030000000,   0.11400,
,,,0.454040000000,   0.11440,
,,,0.454050000000,   0.11480,
,,,0.454060000000,   0.11520,
,,,0.454070000000,   0.11480,
,,,0.454080000000,   0.11440,
,,,0.454090000000,   0.11320,
,,,0.454100000000,   0.11400,
,,,0.454110000000,   0.11480,
,,,0.454120000000,   0.11400,
,,,0.454130000000,   0.11520,
,,,0.454140000000,   0.11400,
,,,0.454150000000,   0.11360,
,,,0.454160000000,   0.11440,
,,,0.454170000000,   0.11440,
,,,0.454180000000,   0.11320,
,,,0.454190000000,   0.11320,
,,,0.454200000000,   0.11440,
,,,0.454210000000,   0.11480,
,,,0.454220000000,   0.11400,
,,,0.454230000000,   0.11320,
,,,0.454240000000,   0.11400,
,,,0.454250000000,   0.11320,
,,,0.454260000000,   0.11440,
,,,0.454270000000,   0.11280,
,,,0.454280000000,   0.11360,
,,,0.454290000000,   0.11400,
,,,0.454300000000,   0.11440,
,,,0.454310000000,   0.11320,
,,,0.454320000000,   0.11360,
,,,0.454330000000,   0.11320,
,,,0.454340000000,   0.11320,
,,,0.454350000000,   0.11280,
,,,0.454360000000,   0.11400,
,,,0.454370000000,   0.11400,
,,,0.454380000000,   0.11200,
,,,0.454390000000,   0.11320,
,,,0.454400000000,   0.11240,
,,,0.454410000000,   0.11320,
,,,0.454420000000,   0.11320,
,,,0.454430000000,   0.11280,
,,,0.454440000000,   0.11320,
,,,0.454450000000,   0.11280,
,,,0.454460000000,   0.11280,
,,,0.454470000000,   0.11240,
,,,0.454480000000,   0.11280,
,,,0.454490000000,   0.11280,
,,,0.454500000000,   0.11280,
,,,0.454510000000,   0.11280,
,,,0.454520000000,   0.11360,
,,,0.454530000000,   0.11280,
,,,0.454540000000,   0.11280,
,,,0.454550000000,   0.11360,
,,,0.454560000000,   0.11280,
,,,0.454570000000,   0.11200,
,,,0.454580000000,   0.11200,
,,,0.454590000000,   0.11240,
,,,0.454600000000,   0.11320,
,,,0.454610000000,   0.11240,
,,,0.454620000000,   0.11240,
,,,0.454630000000,   0.11240,
,,,0.454640000000,   0.11200,
,,,0.454650000000,   0.11200,
,,,0.454660000000,   0.11200,
,,,0.454670000000,   0.11200,
,,,0.454680000000,   0.11240,
,,,0.454690000000,   0.11240,
,,,0.454700000000,   0.11160,
,,,0.454710000000,   0.11160,
,,,0.454720000000,   0.11120,
,,,0.454730000000,   0.11160,
,,,0.454740000000,   0.11200,
,,,0.454750000000,   0.11120,
,,,0.454760000000,   0.11160,
,,,0.454770000000,   0.11200,
,,,0.454780000000,   0.11160,
,,,0.454790000000,   0.11160,
,,,0.454800000000,   0.11080,
,,,0.454810000000,   0.11160,
,,,0.454820000000,   0.11160,
,,,0.454830000000,   0.11160,
,,,0.454840000000,   0.11120,
,,,0.454850000000,   0.11160,
,,,0.454860000000,   0.11040,
,,,0.454870000000,   0.11080,
,,,0.454880000000,   0.11120,
,,,0.454890000000,   0.11080,
,,,0.454900000000,   0.11040,
,,,0.454910000000,   0.11120,
,,,0.454920000000,   0.11040,
,,,0.454930000000,   0.11080,
,,,0.454940000000,   0.11200,
,,,0.454950000000,   0.11120,
,,,0.454960000000,   0.11040,
,,,0.454970000000,   0.11000,
,,,0.454980000000,   0.11080,
,,,0.454990000000,   0.11040,
,,,0.455000000000,   0.10960,
,,,0.455010000000,   0.11000,
,,,0.455020000000,   0.11000,
,,,0.455030000000,   0.11040,
,,,0.455040000000,   0.11080,
,,,0.455050000000,   0.11000,
,,,0.455060000000,   0.11080,
,,,0.455070000000,   0.11000,
,,,0.455080000000,   0.11040,
,,,0.455090000000,   0.11000,
,,,0.455100000000,   0.11080,
,,,0.455110000000,   0.11080,
,,,0.455120000000,   0.11040,
,,,0.455130000000,   0.10960,
,,,0.455140000000,   0.11000,
,,,0.455150000000,   0.11040,
,,,0.455160000000,   0.10920,
,,,0.455170000000,   0.11000,
,,,0.455180000000,   0.10840,
,,,0.455190000000,   0.10920,
,,,0.455200000000,   0.11000,
,,,0.455210000000,   0.10960,
,,,0.455220000000,   0.10920,
,,,0.455230000000,   0.10920,
,,,0.455240000000,   0.10960,
,,,0.455250000000,   0.11080,
,,,0.455260000000,   0.11040,
,,,0.455270000000,   0.10920,
,,,0.455280000000,   0.10920,
,,,0.455290000000,   0.10920,
,,,0.455300000000,   0.10880,
,,,0.455310000000,   0.11000,
,,,0.455320000000,   0.11000,
,,,0.455330000000,   0.10880,
,,,0.455340000000,   0.10880,
,,,0.455350000000,   0.10800,
,,,0.455360000000,   0.10840,
,,,0.455370000000,   0.10920,
,,,0.455380000000,   0.10960,
,,,0.455390000000,   0.10880,
,,,0.455400000000,   0.10880,
,,,0.455410000000,   0.10880,
,,,0.455420000000,   0.10920,
,,,0.455430000000,   0.10880,
,,,0.455440000000,   0.10840,
,,,0.455450000000,   0.10760,
,,,0.455460000000,   0.10840,
,,,0.455470000000,   0.10800,
,,,0.455480000000,   0.10840,
,,,0.455490000000,   0.10760,
,,,0.455500000000,   0.10800,
,,,0.455510000000,   0.10840,
,,,0.455520000000,   0.10680,
,,,0.455530000000,   0.10800,
,,,0.455540000000,   0.10840,
,,,0.455550000000,   0.10800,
,,,0.455560000000,   0.10800,
,,,0.455570000000,   0.10720,
,,,0.455580000000,   0.10720,
,,,0.455590000000,   0.10760,
,,,0.455600000000,   0.10680,
,,,0.455610000000,   0.10680,
,,,0.455620000000,   0.10720,
,,,0.455630000000,   0.10760,
,,,0.455640000000,   0.10640,
,,,0.455650000000,   0.10760,
,,,0.455660000000,   0.10680,
,,,0.455670000000,   0.10680,
,,,0.455680000000,   0.10760,
,,,0.455690000000,   0.10640,
,,,0.455700000000,   0.10680,
,,,0.455710000000,   0.10720,
,,,0.455720000000,   0.10680,
,,,0.455730000000,   0.10680,
,,,0.455740000000,   0.10680,
,,,0.455750000000,   0.10640,
,,,0.455760000000,   0.10680,
,,,0.455770000000,   0.10680,
,,,0.455780000000,   0.10640,
,,,0.455790000000,   0.10560,
,,,0.455800000000,   0.10640,
,,,0.455810000000,   0.10560,
,,,0.455820000000,   0.10680,
,,,0.455830000000,   0.10600,
,,,0.455840000000,   0.10640,
,,,0.455850000000,   0.10600,
,,,0.455860000000,   0.10560,
,,,0.455870000000,   0.10720,
,,,0.455880000000,   0.10640,
,,,0.455890000000,   0.10560,
,,,0.455900000000,   0.10640,
,,,0.455910000000,   0.10640,
,,,0.455920000000,   0.10560,
,,,0.455930000000,   0.10480,
,,,0.455940000000,   0.10560,
,,,0.455950000000,   0.10600,
,,,0.455960000000,   0.10600,
,,,0.455970000000,   0.10520,
,,,0.455980000000,   0.10520,
,,,0.455990000000,   0.10600,
,,,0.456000000000,   0.10560,
,,,0.456010000000,   0.10560,
,,,0.456020000000,   0.10600,
,,,0.456030000000,   0.10520,
,,,0.456040000000,   0.10520,
,,,0.456050000000,   0.10520,
,,,0.456060000000,   0.10440,
,,,0.456070000000,   0.10440,
,,,0.456080000000,   0.10400,
,,,0.456090000000,   0.10520,
,,,0.456100000000,   0.10440,
,,,0.456110000000,   0.10480,
,,,0.456120000000,   0.10480,
,,,0.456130000000,   0.10480,
,,,0.456140000000,   0.10360,
,,,0.456150000000,   0.10440,
,,,0.456160000000,   0.10400,
,,,0.456170000000,   0.10440,
,,,0.456180000000,   0.10400,
,,,0.456190000000,   0.10360,
,,,0.456200000000,   0.10400,
,,,0.456210000000,   0.10480,
,,,0.456220000000,   0.10400,
,,,0.456230000000,   0.10400,
,,,0.456240000000,   0.10320,
,,,0.456250000000,   0.10360,
,,,0.456260000000,   0.10400,
,,,0.456270000000,   0.10280,
,,,0.456280000000,   0.10360,
,,,0.456290000000,   0.10400,
,,,0.456300000000,   0.10400,
,,,0.456310000000,   0.10360,
,,,0.456320000000,   0.10400,
,,,0.456330000000,   0.10400,
,,,0.456340000000,   0.10320,
,,,0.456350000000,   0.10240,
,,,0.456360000000,   0.10320,
,,,0.456370000000,   0.10360,
,,,0.456380000000,   0.10360,
,,,0.456390000000,   0.10320,
,,,0.456400000000,   0.10320,
,,,0.456410000000,   0.10400,
,,,0.456420000000,   0.10400,
,,,0.456430000000,   0.10280,
,,,0.456440000000,   0.10280,
,,,0.456450000000,   0.10360,
,,,0.456460000000,   0.10280,
,,,0.456470000000,   0.10240,
,,,0.456480000000,   0.10360,
,,,0.456490000000,   0.10360,
,,,0.456500000000,   0.10280,
,,,0.456510000000,   0.10280,
,,,0.456520000000,   0.10360,
,,,0.456530000000,   0.10240,
,,,0.456540000000,   0.10240,
,,,0.456550000000,   0.10360,
,,,0.456560000000,   0.10360,
,,,0.456570000000,   0.10280,
,,,0.456580000000,   0.10240,
,,,0.456590000000,   0.10280,
,,,0.456600000000,   0.10200,
,,,0.456610000000,   0.10240,
,,,0.456620000000,   0.10240,
,,,0.456630000000,   0.10240,
,,,0.456640000000,   0.10240,
,,,0.456650000000,   0.10200,
,,,0.456660000000,   0.10240,
,,,0.456670000000,   0.10320,
,,,0.456680000000,   0.10280,
,,,0.456690000000,   0.10240,
,,,0.456700000000,   0.10280,
,,,0.456710000000,   0.10200,
,,,0.456720000000,   0.10280,
,,,0.456730000000,   0.10240,
,,,0.456740000000,   0.10200,
,,,0.456750000000,   0.10240,
,,,0.456760000000,   0.10200,
,,,0.456770000000,   0.10240,
,,,0.456780000000,   0.10240,
,,,0.456790000000,   0.10120,
,,,0.456800000000,   0.10120,
,,,0.456810000000,   0.10200,
,,,0.456820000000,   0.10280,
,,,0.456830000000,   0.10160,
,,,0.456840000000,   0.10240,
,,,0.456850000000,   0.10280,
,,,0.456860000000,   0.10040,
,,,0.456870000000,   0.10280,
,,,0.456880000000,   0.10120,
,,,0.456890000000,   0.10280,
,,,0.456900000000,   0.10200,
,,,0.456910000000,   0.10160,
,,,0.456920000000,   0.10200,
,,,0.456930000000,   0.10200,
,,,0.456940000000,   0.10040,
,,,0.456950000000,   0.10240,
,,,0.456960000000,   0.10280,
,,,0.456970000000,   0.10160,
,,,0.456980000000,   0.10240,
,,,0.456990000000,   0.10080,
,,,0.457000000000,   0.10160,
,,,0.457010000000,   0.10160,
,,,0.457020000000,   0.10120,
,,,0.457030000000,   0.10200,
,,,0.457040000000,   0.10120,
,,,0.457050000000,   0.10040,
,,,0.457060000000,   0.10200,
,,,0.457070000000,   0.10240,
,,,0.457080000000,   0.10120,
,,,0.457090000000,   0.10120,
,,,0.457100000000,   0.10280,
,,,0.457110000000,   0.10120,
,,,0.457120000000,   0.10160,
,,,0.457130000000,   0.10120,
,,,0.457140000000,   0.10120,
,,,0.457150000000,   0.10200,
,,,0.457160000000,   0.10120,
,,,0.457170000000,   0.10240,
,,,0.457180000000,   0.10080,
,,,0.457190000000,   0.10200,
,,,0.457200000000,   0.10000,
,,,0.457210000000,   0.10160,
,,,0.457220000000,   0.10120,
,,,0.457230000000,   0.10120,
,,,0.457240000000,   0.10080,
,,,0.457250000000,   0.10080,
,,,0.457260000000,   0.10120,
,,,0.457270000000,   0.10240,
,,,0.457280000000,   0.10000,
,,,0.457290000000,   0.10160,
,,,0.457300000000,   0.10120,
,,,0.457310000000,   0.10000,
,,,0.457320000000,   0.10040,
,,,0.457330000000,   0.10080,
,,,0.457340000000,   0.10000,
,,,0.457350000000,   0.10120,
,,,0.457360000000,   0.10120,
,,,0.457370000000,   0.10120,
,,,0.457380000000,   0.10000,
,,,0.457390000000,   0.10000,
,,,0.457400000000,   0.10040,
,,,0.457410000000,   0.10040,
,,,0.457420000000,   0.10120,
,,,0.457430000000,   0.09960,
,,,0.457440000000,   0.10000,
,,,0.457450000000,   0.10000,
,,,0.457460000000,   0.10120,
,,,0.457470000000,   0.10000,
,,,0.457480000000,   0.10040,
,,,0.457490000000,   0.10000,
,,,0.457500000000,   0.09960,
,,,0.457510000000,   0.09920,
,,,0.457520000000,   0.09960,
,,,0.457530000000,   0.09880,
,,,0.457540000000,   0.09920,
,,,0.457550000000,   0.09960,
,,,0.457560000000,   0.09920,
,,,0.457570000000,   0.09920,
,,,0.457580000000,   0.10000,
,,,0.457590000000,   0.09960,
,,,0.457600000000,   0.10000,
,,,0.457610000000,   0.10000,
,,,0.457620000000,   0.09880,
,,,0.457630000000,   0.10040,
,,,0.457640000000,   0.09920,
,,,0.457650000000,   0.09960,
,,,0.457660000000,   0.10000,
,,,0.457670000000,   0.09920,
,,,0.457680000000,   0.09880,
,,,0.457690000000,   0.09960,
,,,0.457700000000,   0.09840,
,,,0.457710000000,   0.09880,
,,,0.457720000000,   0.09800,
,,,0.457730000000,   0.10000,
,,,0.457740000000,   0.10000,
,,,0.457750000000,   0.09840,
,,,0.457760000000,   0.09920,
,,,0.457770000000,   0.09880,
,,,0.457780000000,   0.09760,
,,,0.457790000000,   0.10000,
,,,0.457800000000,   0.09760,
,,,0.457810000000,   0.09880,
,,,0.457820000000,   0.09920,
,,,0.457830000000,   0.09840,
,,,0.457840000000,   0.09880,
,,,0.457850000000,   0.09720,
,,,0.457860000000,   0.09800,
,,,0.457870000000,   0.09840,
,,,0.457880000000,   0.09920,
,,,0.457890000000,   0.09880,
,,,0.457900000000,   0.09800,
,,,0.457910000000,   0.09800,
,,,0.457920000000,   0.09720,
,,,0.457930000000,   0.09880,
,,,0.457940000000,   0.09800,
,,,0.457950000000,   0.09720,
,,,0.457960000000,   0.09800,
,,,0.457970000000,   0.09880,
,,,0.457980000000,   0.09840,
,,,0.457990000000,   0.09800,
,,,0.458000000000,   0.09760,
,,,0.458010000000,   0.09840,
,,,0.458020000000,   0.09760,
,,,0.458030000000,   0.09760,
,,,0.458040000000,   0.09800,
,,,0.458050000000,   0.09760,
,,,0.458060000000,   0.09800,
,,,0.458070000000,   0.09760,
,,,0.458080000000,   0.09720,
,,,0.458090000000,   0.09760,
,,,0.458100000000,   0.09720,
,,,0.458110000000,   0.09760,
,,,0.458120000000,   0.09760,
,,,0.458130000000,   0.09760,
,,,0.458140000000,   0.09720,
,,,0.458150000000,   0.09720,
,,,0.458160000000,   0.09720,
,,,0.458170000000,   0.09680,
,,,0.458180000000,   0.09680,
,,,0.458190000000,   0.09760,
,,,0.458200000000,   0.09760,
,,,0.458210000000,   0.09760,
,,,0.458220000000,   0.09760,
,,,0.458230000000,   0.09720,
,,,0.458240000000,   0.09720,
,,,0.458250000000,   0.09840,
,,,0.458260000000,   0.09800,
,,,0.458270000000,   0.09800,
,,,0.458280000000,   0.09680,
,,,0.458290000000,   0.09760,
,,,0.458300000000,   0.09520,
,,,0.458310000000,   0.09720,
,,,0.458320000000,   0.09720,
,,,0.458330000000,   0.09720,
,,,0.458340000000,   0.09720,
,,,0.458350000000,   0.09680,
,,,0.458360000000,   0.09760,
,,,0.458370000000,   0.09840,
,,,0.458380000000,   0.09720,
,,,0.458390000000,   0.09840,
,,,0.458400000000,   0.09720,
,,,0.458410000000,   0.09720,
,,,0.458420000000,   0.09720,
,,,0.458430000000,   0.09680,
,,,0.458440000000,   0.09720,
,,,0.458450000000,   0.09760,
,,,0.458460000000,   0.09680,
,,,0.458470000000,   0.09680,
,,,0.458480000000,   0.09640,
,,,0.458490000000,   0.09720,
,,,0.458500000000,   0.09680,
,,,0.458510000000,   0.09680,
,,,0.458520000000,   0.09720,
,,,0.458530000000,   0.09640,
,,,0.458540000000,   0.09600,
,,,0.458550000000,   0.09600,
,,,0.458560000000,   0.09600,
,,,0.458570000000,   0.09720,
,,,0.458580000000,   0.09680,
,,,0.458590000000,   0.09600,
,,,0.458600000000,   0.09720,
,,,0.458610000000,   0.09680,
,,,0.458620000000,   0.09640,
,,,0.458630000000,   0.09520,
,,,0.458640000000,   0.09640,
,,,0.458650000000,   0.09680,
,,,0.458660000000,   0.09600,
,,,0.458670000000,   0.09680,
,,,0.458680000000,   0.09680,
,,,0.458690000000,   0.09680,
,,,0.458700000000,   0.09600,
,,,0.458710000000,   0.09720,
,,,0.458720000000,   0.09520,
,,,0.458730000000,   0.09560,
,,,0.458740000000,   0.09680,
,,,0.458750000000,   0.09680,
,,,0.458760000000,   0.09680,
,,,0.458770000000,   0.09640,
,,,0.458780000000,   0.09560,
,,,0.458790000000,   0.09600,
,,,0.458800000000,   0.09600,
,,,0.458810000000,   0.09640,
,,,0.458820000000,   0.09520,
,,,0.458830000000,   0.09600,
,,,0.458840000000,   0.09600,
,,,0.458850000000,   0.09600,
,,,0.458860000000,   0.09520,
,,,0.458870000000,   0.09640,
,,,0.458880000000,   0.09600,
,,,0.458890000000,   0.09640,
,,,0.458900000000,   0.09640,
,,,0.458910000000,   0.09640,
,,,0.458920000000,   0.09480,
,,,0.458930000000,   0.09720,
,,,0.458940000000,   0.09600,
,,,0.458950000000,   0.09560,
,,,0.458960000000,   0.09560,
,,,0.458970000000,   0.09520,
,,,0.458980000000,   0.09520,
,,,0.458990000000,   0.09560,
,,,0.459000000000,   0.09480,
,,,0.459010000000,   0.09560,
,,,0.459020000000,   0.09640,
,,,0.459030000000,   0.09560,
,,,0.459040000000,   0.09600,
,,,0.459050000000,   0.09520,
,,,0.459060000000,   0.09480,
,,,0.459070000000,   0.09680,
,,,0.459080000000,   0.09520,
,,,0.459090000000,   0.09560,
,,,0.459100000000,   0.09520,
,,,0.459110000000,   0.09560,
,,,0.459120000000,   0.09480,
,,,0.459130000000,   0.09440,
,,,0.459140000000,   0.09440,
,,,0.459150000000,   0.09480,
,,,0.459160000000,   0.09480,
,,,0.459170000000,   0.09480,
,,,0.459180000000,   0.09440,
,,,0.459190000000,   0.09560,
,,,0.459200000000,   0.09440,
,,,0.459210000000,   0.09360,
,,,0.459220000000,   0.09520,
,,,0.459230000000,   0.09360,
,,,0.459240000000,   0.09480,
,,,0.459250000000,   0.09480,
,,,0.459260000000,   0.09480,
,,,0.459270000000,   0.09440,
,,,0.459280000000,   0.09560,
,,,0.459290000000,   0.09520,
,,,0.459300000000,   0.09520,
,,,0.459310000000,   0.09520,
,,,0.459320000000,   0.09360,
,,,0.459330000000,   0.09480,
,,,0.459340000000,   0.09360,
,,,0.459350000000,   0.09520,
,,,0.459360000000,   0.09440,
,,,0.459370000000,   0.09440,
,,,0.459380000000,   0.09480,
,,,0.459390000000,   0.09440,
,,,0.459400000000,   0.09520,
,,,0.459410000000,   0.09400,
,,,0.459420000000,   0.09400,
,,,0.459430000000,   0.09440,
,,,0.459440000000,   0.09440,
,,,0.459450000000,   0.09400,
,,,0.459460000000,   0.09480,
,,,0.459470000000,   0.09400,
,,,0.459480000000,   0.09320,
,,,0.459490000000,   0.09320,
,,,0.459500000000,   0.09360,
,,,0.459510000000,   0.09400,
,,,0.459520000000,   0.09400,
,,,0.459530000000,   0.09400,
,,,0.459540000000,   0.09400,
,,,0.459550000000,   0.09440,
,,,0.459560000000,   0.09400,
,,,0.459570000000,   0.09400,
,,,0.459580000000,   0.09400,
,,,0.459590000000,   0.09400,
,,,0.459600000000,   0.09360,
,,,0.459610000000,   0.09280,
,,,0.459620000000,   0.09360,
,,,0.459630000000,   0.09400,
,,,0.459640000000,   0.09280,
,,,0.459650000000,   0.09320,
,,,0.459660000000,   0.09360,
,,,0.459670000000,   0.09280,
,,,0.459680000000,   0.09440,
,,,0.459690000000,   0.09360,
,,,0.459700000000,   0.09360,
,,,0.459710000000,   0.09400,
,,,0.459720000000,   0.09280,
,,,0.459730000000,   0.09360,
,,,0.459740000000,   0.09280,
,,,0.459750000000,   0.09320,
,,,0.459760000000,   0.09400,
,,,0.459770000000,   0.09280,
,,,0.459780000000,   0.09360,
,,,0.459790000000,   0.09280,
,,,0.459800000000,   0.09280,
,,,0.459810000000,   0.09280,
,,,0.459820000000,   0.09240,
,,,0.459830000000,   0.09320,
,,,0.459840000000,   0.09240,
,,,0.459850000000,   0.09160,
,,,0.459860000000,   0.09280,
,,,0.459870000000,   0.09240,
,,,0.459880000000,   0.09160,
,,,0.459890000000,   0.09240,
,,,0.459900000000,   0.09200,
,,,0.459910000000,   0.09240,
,,,0.459920000000,   0.09280,
,,,0.459930000000,   0.09160,
,,,0.459940000000,   0.09240,
,,,0.459950000000,   0.09280,
,,,0.459960000000,   0.09200,
,,,0.459970000000,   0.09200,
,,,0.459980000000,   0.09160,
,,,0.459990000000,   0.09160,
,,,0.460000000000,   0.09160,
,,,0.460010000000,   0.09240,
,,,0.460020000000,   0.09280,
,,,0.460030000000,   0.09240,
,,,0.460040000000,   0.09160,
,,,0.460050000000,   0.09160,
,,,0.460060000000,   0.09160,
,,,0.460070000000,   0.09280,
,,,0.460080000000,   0.09160,
,,,0.460090000000,   0.09240,
,,,0.460100000000,   0.09240,
,,,0.460110000000,   0.09200,
,,,0.460120000000,   0.09080,
,,,0.460130000000,   0.09120,
,,,0.460140000000,   0.09080,
,,,0.460150000000,   0.09120,
,,,0.460160000000,   0.09160,
,,,0.460170000000,   0.09120,
,,,0.460180000000,   0.09120,
,,,0.460190000000,   0.09120,
,,,0.460200000000,   0.09160,
,,,0.460210000000,   0.09160,
,,,0.460220000000,   0.09120,
,,,0.460230000000,   0.09120,
,,,0.460240000000,   0.09160,
,,,0.460250000000,   0.09080,
,,,0.460260000000,   0.09080,
,,,0.460270000000,   0.09120,
,,,0.460280000000,   0.09200,
,,,0.460290000000,   0.09040,
,,,0.460300000000,   0.09120,
,,,0.460310000000,   0.09080,
,,,0.460320000000,   0.09200,
,,,0.460330000000,   0.09080,
,,,0.460340000000,   0.09200,
,,,0.460350000000,   0.08960,
,,,0.460360000000,   0.09040,
,,,0.460370000000,   0.09120,
,,,0.460380000000,   0.09120,
,,,0.460390000000,   0.09040,
,,,0.460400000000,   0.09160,
,,,0.460410000000,   0.09160,
,,,0.460420000000,   0.09040,
,,,0.460430000000,   0.09040,
,,,0.460440000000,   0.09040,
,,,0.460450000000,   0.08920,
,,,0.460460000000,   0.09040,
,,,0.460470000000,   0.09000,
,,,0.460480000000,   0.09040,
,,,0.460490000000,   0.09000,
,,,0.460500000000,   0.09040,
,,,0.460510000000,   0.09000,
,,,0.460520000000,   0.09080,
,,,0.460530000000,   0.09080,
,,,0.460540000000,   0.09080,
,,,0.460550000000,   0.09040,
,,,0.460560000000,   0.09040,
,,,0.460570000000,   0.08960,
,,,0.460580000000,   0.09040,
,,,0.460590000000,   0.08960,
,,,0.460600000000,   0.09000,
,,,0.460610000000,   0.09000,
,,,0.460620000000,   0.08960,
,,,0.460630000000,   0.09040,
,,,0.460640000000,   0.08960,
,,,0.460650000000,   0.08960,
,,,0.460660000000,   0.09000,
,,,0.460670000000,   0.09000,
,,,0.460680000000,   0.09000,
,,,0.460690000000,   0.09000,
,,,0.460700000000,   0.08960,
,,,0.460710000000,   0.09040,
,,,0.460720000000,   0.08840,
,,,0.460730000000,   0.08960,
,,,0.460740000000,   0.08920,
,,,0.460750000000,   0.08920,
,,,0.460760000000,   0.08920,
,,,0.460770000000,   0.08960,
,,,0.460780000000,   0.08880,
,,,0.460790000000,   0.08960,
,,,0.460800000000,   0.08920,
,,,0.460810000000,   0.09040,
,,,0.460820000000,   0.08800,
,,,0.460830000000,   0.08880,
,,,0.460840000000,   0.08920,
,,,0.460850000000,   0.08840,
,,,0.460860000000,   0.08920,
,,,0.460870000000,   0.08840,
,,,0.460880000000,   0.08920,
,,,0.460890000000,   0.08840,
,,,0.460900000000,   0.08920,
,,,0.460910000000,   0.08920,
,,,0.460920000000,   0.08920,
,,,0.460930000000,   0.08800,
,,,0.460940000000,   0.08840,
,,,0.460950000000,   0.08800,
,,,0.460960000000,   0.08920,
,,,0.460970000000,   0.08880,
,,,0.460980000000,   0.08880,
,,,0.460990000000,   0.08880,
,,,0.461000000000,   0.08840,
,,,0.461010000000,   0.08800,
,,,0.461020000000,   0.08800,
,,,0.461030000000,   0.08840,
,,,0.461040000000,   0.08800,
,,,0.461050000000,   0.08880,
,,,0.461060000000,   0.08840,
,,,0.461070000000,   0.08840,
,,,0.461080000000,   0.08880,
,,,0.461090000000,   0.08880,
,,,0.461100000000,   0.08720,
,,,0.461110000000,   0.08920,
,,,0.461120000000,   0.08800,
,,,0.461130000000,   0.08760,
,,,0.461140000000,   0.08840,
,,,0.461150000000,   0.08840,
,,,0.461160000000,   0.08760,
,,,0.461170000000,   0.08720,
,,,0.461180000000,   0.08800,
,,,0.461190000000,   0.08720,
,,,0.461200000000,   0.08720,
,,,0.461210000000,   0.08800,
,,,0.461220000000,   0.08760,
,,,0.461230000000,   0.08800,
,,,0.461240000000,   0.08840,
,,,0.461250000000,   0.08720,
,,,0.461260000000,   0.08760,
,,,0.461270000000,   0.08720,
,,,0.461280000000,   0.08680,
,,,0.461290000000,   0.08800,
,,,0.461300000000,   0.08840,
,,,0.461310000000,   0.08720,
,,,0.461320000000,   0.08640,
,,,0.461330000000,   0.08760,
,,,0.461340000000,   0.08680,
,,,0.461350000000,   0.08840,
,,,0.461360000000,   0.08720,
,,,0.461370000000,   0.08760,
,,,0.461380000000,   0.08640,
,,,0.461390000000,   0.08680,
,,,0.461400000000,   0.08760,
,,,0.461410000000,   0.08640,
,,,0.461420000000,   0.08680,
,,,0.461430000000,   0.08680,
,,,0.461440000000,   0.08720,
,,,0.461450000000,   0.08760,
,,,0.461460000000,   0.08680,
,,,0.461470000000,   0.08760,
,,,0.461480000000,   0.08720,
,,,0.461490000000,   0.08600,
,,,0.461500000000,   0.08600,
,,,0.461510000000,   0.08600,
,,,0.461520000000,   0.08720,
,,,0.461530000000,   0.08680,
,,,0.461540000000,   0.08560,
,,,0.461550000000,   0.08640,
,,,0.461560000000,   0.08680,
,,,0.461570000000,   0.08560,
,,,0.461580000000,   0.08680,
,,,0.461590000000,   0.08680,
,,,0.461600000000,   0.08600,
,,,0.461610000000,   0.08600,
,,,0.461620000000,   0.08600,
,,,0.461630000000,   0.08640,
,,,0.461640000000,   0.08680,
,,,0.461650000000,   0.08640,
,,,0.461660000000,   0.08600,
,,,0.461670000000,   0.08680,
,,,0.461680000000,   0.08680,
,,,0.461690000000,   0.08640,
,,,0.461700000000,   0.08520,
,,,0.461710000000,   0.08640,
,,,0.461720000000,   0.08560,
,,,0.461730000000,   0.08600,
,,,0.461740000000,   0.08600,
,,,0.461750000000,   0.08640,
,,,0.461760000000,   0.08640,
,,,0.461770000000,   0.08560,
,,,0.461780000000,   0.08560,
,,,0.461790000000,   0.08520,
,,,0.461800000000,   0.08400,
,,,0.461810000000,   0.08640,
,,,0.461820000000,   0.08600,
,,,0.461830000000,   0.08560,
,,,0.461840000000,   0.08680,
,,,0.461850000000,   0.08480,
,,,0.461860000000,   0.08480,
,,,0.461870000000,   0.08480,
,,,0.461880000000,   0.08520,
,,,0.461890000000,   0.08520,
,,,0.461900000000,   0.08560,
,,,0.461910000000,   0.08480,
,,,0.461920000000,   0.08600,
,,,0.461930000000,   0.08440,
,,,0.461940000000,   0.08480,
,,,0.461950000000,   0.08560,
,,,0.461960000000,   0.08440,
,,,0.461970000000,   0.08440,
,,,0.461980000000,   0.08440,
,,,0.461990000000,   0.08520,
,,,0.462000000000,   0.08600,
,,,0.462010000000,   0.08440,
,,,0.462020000000,   0.08400,
,,,0.462030000000,   0.08360,
,,,0.462040000000,   0.08480,
,,,0.462050000000,   0.08400,
,,,0.462060000000,   0.08440,
,,,0.462070000000,   0.08440,
,,,0.462080000000,   0.08480,
,,,0.462090000000,   0.08480,
,,,0.462100000000,   0.08440,
,,,0.462110000000,   0.08400,
,,,0.462120000000,   0.08400,
,,,0.462130000000,   0.08440,
,,,0.462140000000,   0.08360,
,,,0.462150000000,   0.08360,
,,,0.462160000000,   0.08440,
,,,0.462170000000,   0.08400,
,,,0.462180000000,   0.08280,
,,,0.462190000000,   0.08440,
,,,0.462200000000,   0.08480,
,,,0.462210000000,   0.08400,
,,,0.462220000000,   0.08480,
,,,0.462230000000,   0.08360,
,,,0.462240000000,   0.08400,
,,,0.462250000000,   0.08440,
,,,0.462260000000,   0.08440,
,,,0.462270000000,   0.08360,
,,,0.462280000000,   0.08440,
,,,0.462290000000,   0.08400,
,,,0.462300000000,   0.08400,
,,,0.462310000000,   0.08360,
,,,0.462320000000,   0.08400,
,,,0.462330000000,   0.08360,
,,,0.462340000000,   0.08480,
,,,0.462350000000,   0.08280,
,,,0.462360000000,   0.08240,
,,,0.462370000000,   0.08400,
,,,0.462380000000,   0.08400,
,,,0.462390000000,   0.08320,
,,,0.462400000000,   0.08360,
,,,0.462410000000,   0.08360,
,,,0.462420000000,   0.08360,
,,,0.462430000000,   0.08360,
,,,0.462440000000,   0.08320,
,,,0.462450000000,   0.08360,
,,,0.462460000000,   0.08360,
,,,0.462470000000,   0.08240,
,,,0.462480000000,   0.08320,
,,,0.462490000000,   0.08320,
,,,0.462500000000,   0.08240,
,,,0.462510000000,   0.08360,
,,,0.462520000000,   0.08280,
,,,0.462530000000,   0.08240,
,,,0.462540000000,   0.08280,
,,,0.462550000000,   0.08320,
,,,0.462560000000,   0.08280,
,,,0.462570000000,   0.08320,
,,,0.462580000000,   0.08320,
,,,0.462590000000,   0.08280,
,,,0.462600000000,   0.08240,
,,,0.462610000000,   0.08280,
,,,0.462620000000,   0.08240,
,,,0.462630000000,   0.08240,
,,,0.462640000000,   0.08360,
,,,0.462650000000,   0.08360,
,,,0.462660000000,   0.08200,
,,,0.462670000000,   0.08200,
,,,0.462680000000,   0.08200,
,,,0.462690000000,   0.08240,
,,,0.462700000000,   0.08240,
,,,0.462710000000,   0.08280,
,,,0.462720000000,   0.08240,
,,,0.462730000000,   0.08200,
,,,0.462740000000,   0.08240,
,,,0.462750000000,   0.08320,
,,,0.462760000000,   0.08280,
,,,0.462770000000,   0.08120,
,,,0.462780000000,   0.08120,
,,,0.462790000000,   0.08240,
,,,0.462800000000,   0.08120,
,,,0.462810000000,   0.08240,
,,,0.462820000000,   0.08080,
,,,0.462830000000,   0.08200,
,,,0.462840000000,   0.08240,
,,,0.462850000000,   0.08120,
,,,0.462860000000,   0.08160,
,,,0.462870000000,   0.08160,
,,,0.462880000000,   0.08160,
,,,0.462890000000,   0.08200,
,,,0.462900000000,   0.08160,
,,,0.462910000000,   0.08200,
,,,0.462920000000,   0.08120,
,,,0.462930000000,   0.08040,
,,,0.462940000000,   0.08280,
,,,0.462950000000,   0.08200,
,,,0.462960000000,   0.08240,
,,,0.462970000000,   0.08160,
,,,0.462980000000,   0.08120,
,,,0.462990000000,   0.08120,
,,,0.463000000000,   0.08160,
,,,0.463010000000,   0.08080,
,,,0.463020000000,   0.08120,
,,,0.463030000000,   0.08120,
,,,0.463040000000,   0.08200,
,,,0.463050000000,   0.08120,
,,,0.463060000000,   0.08080,
,,,0.463070000000,   0.08120,
,,,0.463080000000,   0.08120,
,,,0.463090000000,   0.08080,
,,,0.463100000000,   0.08000,
,,,0.463110000000,   0.08040,
,,,0.463120000000,   0.08040,
,,,0.463130000000,   0.08040,
,,,0.463140000000,   0.08000,
,,,0.463150000000,   0.08000,
,,,0.463160000000,   0.08040,
,,,0.463170000000,   0.08080,
,,,0.463180000000,   0.08000,
,,,0.463190000000,   0.08120,
,,,0.463200000000,   0.08000,
,,,0.463210000000,   0.07920,
,,,0.463220000000,   0.08040,
,,,0.463230000000,   0.08040,
,,,0.463240000000,   0.08040,
,,,0.463250000000,   0.08000,
,,,0.463260000000,   0.08120,
,,,0.463270000000,   0.08000,
,,,0.463280000000,   0.08040,
,,,0.463290000000,   0.07960,
,,,0.463300000000,   0.08000,
,,,0.463310000000,   0.07960,
,,,0.463320000000,   0.08120,
,,,0.463330000000,   0.08000,
,,,0.463340000000,   0.08080,
,,,0.463350000000,   0.08040,
,,,0.463360000000,   0.07960,
,,,0.463370000000,   0.08000,
,,,0.463380000000,   0.08000,
,,,0.463390000000,   0.08000,
,,,0.463400000000,   0.08080,
,,,0.463410000000,   0.08000,
,,,0.463420000000,   0.07920,
,,,0.463430000000,   0.07960,
,,,0.463440000000,   0.08000,
,,,0.463450000000,   0.08000,
,,,0.463460000000,   0.07960,
,,,0.463470000000,   0.08000,
,,,0.463480000000,   0.07920,
,,,0.463490000000,   0.07880,
,,,0.463500000000,   0.08000,
,,,0.463510000000,   0.08040,
,,,0.463520000000,   0.08040,
,,,0.463530000000,   0.07920,
,,,0.463540000000,   0.07800,
,,,0.463550000000,   0.07880,
,,,0.463560000000,   0.07880,
,,,0.463570000000,   0.07800,
,,,0.463580000000,   0.07960,
,,,0.463590000000,   0.07960,
,,,0.463600000000,   0.08040,
,,,0.463610000000,   0.07960,
,,,0.463620000000,   0.07920,
,,,0.463630000000,   0.07920,
,,,0.463640000000,   0.07920,
,,,0.463650000000,   0.08000,
,,,0.463660000000,   0.07920,
,,,0.463670000000,   0.08000,
,,,0.463680000000,   0.08000,
,,,0.463690000000,   0.07960,
,,,0.463700000000,   0.07880,
,,,0.463710000000,   0.07880,
,,,0.463720000000,   0.08000,
,,,0.463730000000,   0.08000,
,,,0.463740000000,   0.07920,
,,,0.463750000000,   0.07920,
,,,0.463760000000,   0.07920,
,,,0.463770000000,   0.08000,
,,,0.463780000000,   0.08000,
,,,0.463790000000,   0.07960,
,,,0.463800000000,   0.08000,
,,,0.463810000000,   0.08000,
,,,0.463820000000,   0.07880,
,,,0.463830000000,   0.08040,
,,,0.463840000000,   0.08040,
,,,0.463850000000,   0.08000,
,,,0.463860000000,   0.08000,
,,,0.463870000000,   0.08040,
,,,0.463880000000,   0.08080,
,,,0.463890000000,   0.08080,
,,,0.463900000000,   0.08120,
,,,0.463910000000,   0.08000,
,,,0.463920000000,   0.08000,
,,,0.463930000000,   0.08000,
,,,0.463940000000,   0.08080,
,,,0.463950000000,   0.08040,
,,,0.463960000000,   0.08080,
,,,0.463970000000,   0.08120,
,,,0.463980000000,   0.08000,
,,,0.463990000000,   0.08160,
,,,0.464000000000,   0.08080,
,,,0.464010000000,   0.08000,
,,,0.464020000000,   0.08120,
,,,0.464030000000,   0.08120,
,,,0.464040000000,   0.08080,
,,,0.464050000000,   0.08040,
,,,0.464060000000,   0.08120,
,,,0.464070000000,   0.08120,
,,,0.464080000000,   0.08120,
,,,0.464090000000,   0.08120,
,,,0.464100000000,   0.08120,
,,,0.464110000000,   0.08200,
,,,0.464120000000,   0.08120,
,,,0.464130000000,   0.08080,
,,,0.464140000000,   0.08160,
,,,0.464150000000,   0.08080,
,,,0.464160000000,   0.08240,
,,,0.464170000000,   0.08240,
,,,0.464180000000,   0.08240,
,,,0.464190000000,   0.08200,
,,,0.464200000000,   0.08160,
,,,0.464210000000,   0.08200,
,,,0.464220000000,   0.08120,
,,,0.464230000000,   0.08160,
,,,0.464240000000,   0.08120,
,,,0.464250000000,   0.08120,
,,,0.464260000000,   0.08240,
,,,0.464270000000,   0.08240,
,,,0.464280000000,   0.08240,
,,,0.464290000000,   0.08200,
,,,0.464300000000,   0.08240,
,,,0.464310000000,   0.08200,
,,,0.464320000000,   0.08240,
,,,0.464330000000,   0.08200,
,,,0.464340000000,   0.08240,
,,,0.464350000000,   0.08240,
,,,0.464360000000,   0.08240,
,,,0.464370000000,   0.08280,
,,,0.464380000000,   0.08200,
,,,0.464390000000,   0.08360,
,,,0.464400000000,   0.08280,
,,,0.464410000000,   0.08320,
,,,0.464420000000,   0.08280,
,,,0.464430000000,   0.08360,
,,,0.464440000000,   0.08280,
,,,0.464450000000,   0.08280,
,,,0.464460000000,   0.08280,
,,,0.464470000000,   0.08200,
,,,0.464480000000,   0.08320,
,,,0.464490000000,   0.08320,
,,,0.464500000000,   0.08240,
,,,0.464510000000,   0.08320,
,,,0.464520000000,   0.08360,
,,,0.464530000000,   0.08320,
,,,0.464540000000,   0.08280,
,,,0.464550000000,   0.08360,
,,,0.464560000000,   0.08360,
,,,0.464570000000,   0.08280,
,,,0.464580000000,   0.08240,
,,,0.464590000000,   0.08280,
,,,0.464600000000,   0.08360,
,,,0.464610000000,   0.08360,
,,,0.464620000000,   0.08360,
,,,0.464630000000,   0.08360,
,,,0.464640000000,   0.08360,
,,,0.464650000000,   0.08400,
,,,0.464660000000,   0.08280,
,,,0.464670000000,   0.08440,
,,,0.464680000000,   0.08360,
,,,0.464690000000,   0.08400,
,,,0.464700000000,   0.08360,
,,,0.464710000000,   0.08400,
,,,0.464720000000,   0.08480,
,,,0.464730000000,   0.08360,
,,,0.464740000000,   0.08360,
,,,0.464750000000,   0.08400,
,,,0.464760000000,   0.08440,
,,,0.464770000000,   0.08440,
,,,0.464780000000,   0.08360,
,,,0.464790000000,   0.08440,
,,,0.464800000000,   0.08480,
,,,0.464810000000,   0.08440,
,,,0.464820000000,   0.08360,
,,,0.464830000000,   0.08360,
,,,0.464840000000,   0.08400,
,,,0.464850000000,   0.08480,
,,,0.464860000000,   0.08480,
,,,0.464870000000,   0.08400,
,,,0.464880000000,   0.08600,
,,,0.464890000000,   0.08560,
,,,0.464900000000,   0.08480,
,,,0.464910000000,   0.08520,
,,,0.464920000000,   0.08480,
,,,0.464930000000,   0.08480,
,,,0.464940000000,   0.08560,
,,,0.464950000000,   0.08520,
,,,0.464960000000,   0.08520,
,,,0.464970000000,   0.08440,
,,,0.464980000000,   0.08400,
,,,0.464990000000,   0.08520,
,,,0.465000000000,   0.08400,
,,,0.465010000000,   0.08480,
,,,0.465020000000,   0.08480,
,,,0.465030000000,   0.08480,
,,,0.465040000000,   0.08440,
,,,0.465050000000,   0.08480,
,,,0.465060000000,   0.08520,
,,,0.465070000000,   0.08520,
,,,0.465080000000,   0.08520,
,,,0.465090000000,   0.08480,
,,,0.465100000000,   0.08600,
,,,0.465110000000,   0.08520,
,,,0.465120000000,   0.08560,
,,,0.465130000000,   0.08520,
,,,0.465140000000,   0.08520,
,,,0.465150000000,   0.08600,
,,,0.465160000000,   0.08640,
,,,0.465170000000,   0.08600,
,,,0.465180000000,   0.08600,
,,,0.465190000000,   0.08560,
,,,0.465200000000,   0.08680,
,,,0.465210000000,   0.08640,
,,,0.465220000000,   0.08520,
,,,0.465230000000,   0.08560,
,,,0.465240000000,   0.08600,
,,,0.465250000000,   0.08640,
,,,0.465260000000,   0.08600,
,,,0.465270000000,   0.08600,
,,,0.465280000000,   0.08600,
,,,0.465290000000,   0.08640,
,,,0.465300000000,   0.08560,
,,,0.465310000000,   0.08560,
,,,0.465320000000,   0.08600,
,,,0.465330000000,   0.08600,
,,,0.465340000000,   0.08480,
,,,0.465350000000,   0.08600,
,,,0.465360000000,   0.08600,
,,,0.465370000000,   0.08600,
,,,0.465380000000,   0.08640,
,,,0.465390000000,   0.08680,
,,,0.465400000000,   0.08680,
,,,0.465410000000,   0.08680,
,,,0.465420000000,   0.08600,
,,,0.465430000000,   0.08600,
,,,0.465440000000,   0.08680,
,,,0.465450000000,   0.08760,
,,,0.465460000000,   0.08720,
,,,0.465470000000,   0.08600,
,,,0.465480000000,   0.08800,
,,,0.465490000000,   0.08600,
,,,0.465500000000,   0.08720,
,,,0.465510000000,   0.08840,
,,,0.465520000000,   0.08720,
,,,0.465530000000,   0.08680,
,,,0.465540000000,   0.08680,
,,,0.465550000000,   0.08600,
,,,0.465560000000,   0.08720,
,,,0.465570000000,   0.08680,
,,,0.465580000000,   0.08680,
,,,0.465590000000,   0.08680,
,,,0.465600000000,   0.08720,
,,,0.465610000000,   0.08760,
,,,0.465620000000,   0.08680,
,,,0.465630000000,   0.08720,
,,,0.465640000000,   0.08840,
,,,0.465650000000,   0.08680,
,,,0.465660000000,   0.08680,
,,,0.465670000000,   0.08680,
,,,0.465680000000,   0.08880,
,,,0.465690000000,   0.08840,
,,,0.465700000000,   0.08720,
,,,0.465710000000,   0.08720,
,,,0.465720000000,   0.08800,
,,,0.465730000000,   0.08720,
,,,0.465740000000,   0.08800,
,,,0.465750000000,   0.08800,
,,,0.465760000000,   0.08840,
,,,0.465770000000,   0.08800,
,,,0.465780000000,   0.08800,
,,,0.465790000000,   0.08840,
,,,0.465800000000,   0.08720,
,,,0.465810000000,   0.08840,
,,,0.465820000000,   0.08800,
,,,0.465830000000,   0.08720,
,,,0.465840000000,   0.08800,
,,,0.465850000000,   0.08720,
,,,0.465860000000,   0.08840,
,,,0.465870000000,   0.08800,
,,,0.465880000000,   0.08880,
,,,0.465890000000,   0.08880,
,,,0.465900000000,   0.08920,
,,,0.465910000000,   0.08920,
,,,0.465920000000,   0.08880,
,,,0.465930000000,   0.08800,
,,,0.465940000000,   0.08920,
,,,0.465950000000,   0.08840,
,,,0.465960000000,   0.08840,
,,,0.465970000000,   0.08760,
,,,0.465980000000,   0.08920,
,,,0.465990000000,   0.08880,
,,,0.466000000000,   0.08840,
,,,0.466010000000,   0.08840,
,,,0.466020000000,   0.08880,
,,,0.466030000000,   0.08960,
,,,0.466040000000,   0.08920,
,,,0.466050000000,   0.08840,
,,,0.466060000000,   0.08880,
,,,0.466070000000,   0.09000,
,,,0.466080000000,   0.08920,
,,,0.466090000000,   0.09000,
,,,0.466100000000,   0.08920,
,,,0.466110000000,   0.08920,
,,,0.466120000000,   0.08960,
,,,0.466130000000,   0.08960,
,,,0.466140000000,   0.08960,
,,,0.466150000000,   0.08920,
,,,0.466160000000,   0.08960,
,,,0.466170000000,   0.08920,
,,,0.466180000000,   0.08880,
,,,0.466190000000,   0.09000,
,,,0.466200000000,   0.08920,
,,,0.466210000000,   0.09080,
,,,0.466220000000,   0.08960,
,,,0.466230000000,   0.08920,
,,,0.466240000000,   0.09000,
,,,0.466250000000,   0.09000,
,,,0.466260000000,   0.08960,
,,,0.466270000000,   0.09040,
,,,0.466280000000,   0.09000,
,,,0.466290000000,   0.09080,
,,,0.466300000000,   0.09040,
,,,0.466310000000,   0.09000,
,,,0.466320000000,   0.09040,
,,,0.466330000000,   0.09000,
,,,0.466340000000,   0.09000,
,,,0.466350000000,   0.09080,
,,,0.466360000000,   0.09000,
,,,0.466370000000,   0.09000,
,,,0.466380000000,   0.09040,
,,,0.466390000000,   0.09000,
,,,0.466400000000,   0.09120,
,,,0.466410000000,   0.09080,
,,,0.466420000000,   0.09000,
,,,0.466430000000,   0.09040,
,,,0.466440000000,   0.09000,
,,,0.466450000000,   0.09080,
,,,0.466460000000,   0.09000,
,,,0.466470000000,   0.09040,
,,,0.466480000000,   0.09000,
,,,0.466490000000,   0.09000,
,,,0.466500000000,   0.09120,
,,,0.466510000000,   0.09120,
,,,0.466520000000,   0.09040,
,,,0.466530000000,   0.09160,
,,,0.466540000000,   0.09000,
,,,0.466550000000,   0.09080,
,,,0.466560000000,   0.09120,
,,,0.466570000000,   0.09120,
,,,0.466580000000,   0.09120,
,,,0.466590000000,   0.09040,
,,,0.466600000000,   0.09040,
,,,0.466610000000,   0.09080,
,,,0.466620000000,   0.09080,
,,,0.466630000000,   0.09040,
,,,0.466640000000,   0.09120,
,,,0.466650000000,   0.09120,
,,,0.466660000000,   0.09160,
,,,0.466670000000,   0.09000,
,,,0.466680000000,   0.09120,
,,,0.466690000000,   0.09200,
,,,0.466700000000,   0.09120,
,,,0.466710000000,   0.09160,
,,,0.466720000000,   0.09240,
,,,0.466730000000,   0.09200,
,,,0.466740000000,   0.09080,
,,,0.466750000000,   0.09080,
,,,0.466760000000,   0.09160,
,,,0.466770000000,   0.09160,
,,,0.466780000000,   0.09240,
,,,0.466790000000,   0.09280,
,,,0.466800000000,   0.09160,
,,,0.466810000000,   0.09160,
,,,0.466820000000,   0.09160,
,,,0.466830000000,   0.09240,
,,,0.466840000000,   0.09240,
,,,0.466850000000,   0.09280,
,,,0.466860000000,   0.09240,
,,,0.466870000000,   0.09240,
,,,0.466880000000,   0.09200,
,,,0.466890000000,   0.09240,
,,,0.466900000000,   0.09240,
,,,0.466910000000,   0.09280,
,,,0.466920000000,   0.09120,
,,,0.466930000000,   0.09240,
,,,0.466940000000,   0.09240,
,,,0.466950000000,   0.09200,
,,,0.466960000000,   0.09280,
,,,0.466970000000,   0.09280,
,,,0.466980000000,   0.09240,
,,,0.466990000000,   0.09200,
,,,0.467000000000,   0.09320,
,,,0.467010000000,   0.09320,
,,,0.467020000000,   0.09280,
,,,0.467030000000,   0.09240,
,,,0.467040000000,   0.09280,
,,,0.467050000000,   0.09240,
,,,0.467060000000,   0.09240,
,,,0.467070000000,   0.09360,
,,,0.467080000000,   0.09320,
,,,0.467090000000,   0.09280,
,,,0.467100000000,   0.09360,
,,,0.467110000000,   0.09320,
,,,0.467120000000,   0.09280,
,,,0.467130000000,   0.09320,
,,,0.467140000000,   0.09360,
,,,0.467150000000,   0.09160,
,,,0.467160000000,   0.09360,
,,,0.467170000000,   0.09360,
,,,0.467180000000,   0.09320,
,,,0.467190000000,   0.09320,
,,,0.467200000000,   0.09280,
,,,0.467210000000,   0.09320,
,,,0.467220000000,   0.09360,
,,,0.467230000000,   0.09360,
,,,0.467240000000,   0.09440,
,,,0.467250000000,   0.09320,
,,,0.467260000000,   0.09280,
,,,0.467270000000,   0.09360,
,,,0.467280000000,   0.09360,
,,,0.467290000000,   0.09360,
,,,0.467300000000,   0.09320,
,,,0.467310000000,   0.09440,
,,,0.467320000000,   0.09360,
,,,0.467330000000,   0.09360,
,,,0.467340000000,   0.09440,
,,,0.467350000000,   0.09440,
,,,0.467360000000,   0.09400,
,,,0.467370000000,   0.09320,
,,,0.467380000000,   0.09400,
,,,0.467390000000,   0.09360,
,,,0.467400000000,   0.09480,
,,,0.467410000000,   0.09480,
,,,0.467420000000,   0.09360,
,,,0.467430000000,   0.09400,
,,,0.467440000000,   0.09400,
,,,0.467450000000,   0.09400,
,,,0.467460000000,   0.09400,
,,,0.467470000000,   0.09480,
,,,0.467480000000,   0.09360,
,,,0.467490000000,   0.09400,
,,,0.467500000000,   0.09520,
,,,0.467510000000,   0.09520,
,,,0.467520000000,   0.09520,
,,,0.467530000000,   0.09320,
,,,0.467540000000,   0.09440,
,,,0.467550000000,   0.09440,
,,,0.467560000000,   0.09440,
,,,0.467570000000,   0.09480,
,,,0.467580000000,   0.09520,
,,,0.467590000000,   0.09600,
,,,0.467600000000,   0.09520,
,,,0.467610000000,   0.09440,
,,,0.467620000000,   0.09400,
,,,0.467630000000,   0.09400,
,,,0.467640000000,   0.09480,
,,,0.467650000000,   0.09480,
,,,0.467660000000,   0.09560,
,,,0.467670000000,   0.09560,
,,,0.467680000000,   0.09520,
,,,0.467690000000,   0.09480,
,,,0.467700000000,   0.09520,
,,,0.467710000000,   0.09480,
,,,0.467720000000,   0.09520,
,,,0.467730000000,   0.09480,
,,,0.467740000000,   0.09480,
,,,0.467750000000,   0.09560,
,,,0.467760000000,   0.09480,
,,,0.467770000000,   0.09560,
,,,0.467780000000,   0.09560,
,,,0.467790000000,   0.09440,
,,,0.467800000000,   0.09480,
,,,0.467810000000,   0.09520,
,,,0.467820000000,   0.09560,
,,,0.467830000000,   0.09520,
,,,0.467840000000,   0.09520,
,,,0.467850000000,   0.09520,
,,,0.467860000000,   0.09520,
,,,0.467870000000,   0.09520,
,,,0.467880000000,   0.09560,
,,,0.467890000000,   0.09560,
,,,0.467900000000,   0.09600,
,,,0.467910000000,   0.09640,
,,,0.467920000000,   0.09720,
,,,0.467930000000,   0.09600,
,,,0.467940000000,   0.09520,
,,,0.467950000000,   0.09560,
,,,0.467960000000,   0.09600,
,,,0.467970000000,   0.09560,
,,,0.467980000000,   0.09600,
,,,0.467990000000,   0.09600,
,,,0.468000000000,   0.09520,
,,,0.468010000000,   0.09680,
,,,0.468020000000,   0.09720,
,,,0.468030000000,   0.09680,
,,,0.468040000000,   0.09560,
,,,0.468050000000,   0.09640,
,,,0.468060000000,   0.09640,
,,,0.468070000000,   0.09640,
,,,0.468080000000,   0.09640,
,,,0.468090000000,   0.09680,
,,,0.468100000000,   0.09600,
,,,0.468110000000,   0.09680,
,,,0.468120000000,   0.09680,
,,,0.468130000000,   0.09680,
,,,0.468140000000,   0.09720,
,,,0.468150000000,   0.09680,
,,,0.468160000000,   0.09640,
,,,0.468170000000,   0.09760,
,,,0.468180000000,   0.09760,
,,,0.468190000000,   0.09600,
,,,0.468200000000,   0.09680,
,,,0.468210000000,   0.09720,
,,,0.468220000000,   0.09720,
,,,0.468230000000,   0.09640,
,,,0.468240000000,   0.09640,
,,,0.468250000000,   0.09680,
,,,0.468260000000,   0.09600,
,,,0.468270000000,   0.09640,
,,,0.468280000000,   0.09720,
,,,0.468290000000,   0.09720,
,,,0.468300000000,   0.09720,
,,,0.468310000000,   0.09760,
,,,0.468320000000,   0.09720,
,,,0.468330000000,   0.09800,
,,,0.468340000000,   0.09760,
,,,0.468350000000,   0.09760,
,,,0.468360000000,   0.09760,
,,,0.468370000000,   0.09760,
,,,0.468380000000,   0.09800,
,,,0.468390000000,   0.09760,
,,,0.468400000000,   0.09800,
,,,0.468410000000,   0.09800,
,,,0.468420000000,   0.09680,
,,,0.468430000000,   0.09760,
,,,0.468440000000,   0.09760,
,,,0.468450000000,   0.09760,
,,,0.468460000000,   0.09760,
,,,0.468470000000,   0.09720,
,,,0.468480000000,   0.09880,
,,,0.468490000000,   0.09720,
,,,0.468500000000,   0.09960,
,,,0.468510000000,   0.09680,
,,,0.468520000000,   0.09720,
,,,0.468530000000,   0.09760,
,,,0.468540000000,   0.09760,
,,,0.468550000000,   0.09840,
,,,0.468560000000,   0.09840,
,,,0.468570000000,   0.09800,
,,,0.468580000000,   0.09840,
,,,0.468590000000,   0.09920,
,,,0.468600000000,   0.09720,
,,,0.468610000000,   0.09880,
,,,0.468620000000,   0.09840,
,,,0.468630000000,   0.09840,
,,,0.468640000000,   0.09880,
,,,0.468650000000,   0.09800,
,,,0.468660000000,   0.09880,
,,,0.468670000000,   0.09880,
,,,0.468680000000,   0.09840,
,,,0.468690000000,   0.09880,
,,,0.468700000000,   0.09880,
,,,0.468710000000,   0.09800,
,,,0.468720000000,   0.09760,
,,,0.468730000000,   0.09920,
,,,0.468740000000,   0.09800,
,,,0.468750000000,   0.09880,
,,,0.468760000000,   0.09760,
,,,0.468770000000,   0.09880,
,,,0.468780000000,   0.09840,
,,,0.468790000000,   0.09840,
,,,0.468800000000,   0.09840,
,,,0.468810000000,   0.09880,
,,,0.468820000000,   0.09960,
,,,0.468830000000,   0.09840,
,,,0.468840000000,   0.09880,
,,,0.468850000000,   0.09840,
,,,0.468860000000,   0.09880,
,,,0.468870000000,   0.09880,
,,,0.468880000000,   0.09840,
,,,0.468890000000,   0.09880,
,,,0.468900000000,   0.09840,
,,,0.468910000000,   0.09920,
,,,0.468920000000,   0.09880,
,,,0.468930000000,   0.09920,
,,,0.468940000000,   0.09880,
,,,0.468950000000,   0.09960,
,,,0.468960000000,   0.10000,
,,,0.468970000000,   0.09880,
,,,0.468980000000,   0.09880,
,,,0.468990000000,   0.09840,
,,,0.469000000000,   0.09880,
,,,0.469010000000,   0.09920,
,,,0.469020000000,   0.10000,
,,,0.469030000000,   0.09880,
,,,0.469040000000,   0.09960,
,,,0.469050000000,   0.10000,
,,,0.469060000000,   0.09960,
,,,0.469070000000,   0.10080,
,,,0.469080000000,   0.09840,
,,,0.469090000000,   0.10000,
,,,0.469100000000,   0.09960,
,,,0.469110000000,   0.09960,
,,,0.469120000000,   0.09960,
,,,0.469130000000,   0.10000,
,,,0.469140000000,   0.09960,
,,,0.469150000000,   0.09960,
,,,0.469160000000,   0.10000,
,,,0.469170000000,   0.10000,
,,,0.469180000000,   0.10000,
,,,0.469190000000,   0.09960,
,,,0.469200000000,   0.10000,
,,,0.469210000000,   0.10000,
,,,0.469220000000,   0.09960,
,,,0.469230000000,   0.09880,
,,,0.469240000000,   0.10000,
,,,0.469250000000,   0.09960,
,,,0.469260000000,   0.09880,
,,,0.469270000000,   0.09960,
,,,0.469280000000,   0.10000,
,,,0.469290000000,   0.10040,
,,,0.469300000000,   0.10120,
,,,0.469310000000,   0.10000,
,,,0.469320000000,   0.10120,
,,,0.469330000000,   0.10000,
,,,0.469340000000,   0.10000,
,,,0.469350000000,   0.09960,
,,,0.469360000000,   0.09960,
,,,0.469370000000,   0.10040,
,,,0.469380000000,   0.10000,
,,,0.469390000000,   0.10080,
,,,0.469400000000,   0.10000,
,,,0.469410000000,   0.10040,
,,,0.469420000000,   0.10120,
,,,0.469430000000,   0.10080,
,,,0.469440000000,   0.10080,
,,,0.469450000000,   0.10000,
,,,0.469460000000,   0.10000,
,,,0.469470000000,   0.10000,
,,,0.469480000000,   0.10120,
,,,0.469490000000,   0.10000,
,,,0.469500000000,   0.10000,
,,,0.469510000000,   0.10120,
,,,0.469520000000,   0.10000,
,,,0.469530000000,   0.10120,
,,,0.469540000000,   0.10040,
,,,0.469550000000,   0.10120,
,,,0.469560000000,   0.10040,
,,,0.469570000000,   0.10000,
,,,0.469580000000,   0.10160,
,,,0.469590000000,   0.10120,
,,,0.469600000000,   0.10120,
,,,0.469610000000,   0.10000,
,,,0.469620000000,   0.10000,
,,,0.469630000000,   0.10040,
,,,0.469640000000,   0.10040,
,,,0.469650000000,   0.10080,
,,,0.469660000000,   0.10200,
,,,0.469670000000,   0.10120,
,,,0.469680000000,   0.10120,
,,,0.469690000000,   0.10120,
,,,0.469700000000,   0.10160,
,,,0.469710000000,   0.10000,
,,,0.469720000000,   0.10120,
,,,0.469730000000,   0.10160,
,,,0.469740000000,   0.10160,
,,,0.469750000000,   0.10160,
,,,0.469760000000,   0.10160,
,,,0.469770000000,   0.10120,
,,,0.469780000000,   0.10200,
,,,0.469790000000,   0.10120,
,,,0.469800000000,   0.10200,
,,,0.469810000000,   0.10120,
,,,0.469820000000,   0.10120,
,,,0.469830000000,   0.10200,
,,,0.469840000000,   0.10120,
,,,0.469850000000,   0.10240,
,,,0.469860000000,   0.10160,
,,,0.469870000000,   0.10160,
,,,0.469880000000,   0.10200,
,,,0.469890000000,   0.10120,
,,,0.469900000000,   0.10200,
,,,0.469910000000,   0.10280,
,,,0.469920000000,   0.10200,
,,,0.469930000000,   0.10280,
,,,0.469940000000,   0.10200,
,,,0.469950000000,   0.10200,
,,,0.469960000000,   0.10160,
,,,0.469970000000,   0.10320,
,,,0.469980000000,   0.10280,
,,,0.469990000000,   0.10320,
,,,0.470000000000,   0.10160,
,,,0.470010000000,   0.10200,
,,,0.470020000000,   0.10200,
,,,0.470030000000,   0.10280,
,,,0.470040000000,   0.10320,
,,,0.470050000000,   0.10200,
,,,0.470060000000,   0.10200,
,,,0.470070000000,   0.10240,
,,,0.470080000000,   0.10240,
,,,0.470090000000,   0.10200,
,,,0.470100000000,   0.10440,
,,,0.470110000000,   0.10320,
,,,0.470120000000,   0.10360,
,,,0.470130000000,   0.10360,
,,,0.470140000000,   0.10280,
,,,0.470150000000,   0.10320,
,,,0.470160000000,   0.10320,
,,,0.470170000000,   0.10400,
,,,0.470180000000,   0.10280,
,,,0.470190000000,   0.10400,
,,,0.470200000000,   0.10360,
,,,0.470210000000,   0.10360,
,,,0.470220000000,   0.10280,
,,,0.470230000000,   0.10360,
,,,0.470240000000,   0.10360,
,,,0.470250000000,   0.10400,
,,,0.470260000000,   0.10320,
,,,0.470270000000,   0.10360,
,,,0.470280000000,   0.10360,
,,,0.470290000000,   0.10440,
,,,0.470300000000,   0.10360,
,,,0.470310000000,   0.10440,
,,,0.470320000000,   0.10400,
,,,0.470330000000,   0.10360,
,,,0.470340000000,   0.10400,
,,,0.470350000000,   0.10320,
,,,0.470360000000,   0.10480,
,,,0.470370000000,   0.10400,
,,,0.470380000000,   0.10400,
,,,0.470390000000,   0.10440,
,,,0.470400000000,   0.10440,
,,,0.470410000000,   0.10440,
,,,0.470420000000,   0.10480,
,,,0.470430000000,   0.10440,
,,,0.470440000000,   0.10520,
,,,0.470450000000,   0.10400,
,,,0.470460000000,   0.10360,
,,,0.470470000000,   0.10440,
,,,0.470480000000,   0.10560,
,,,0.470490000000,   0.10400,
,,,0.470500000000,   0.10480,
,,,0.470510000000,   0.10480,
,,,0.470520000000,   0.10480,
,,,0.470530000000,   0.10480,
,,,0.470540000000,   0.10360,
,,,0.470550000000,   0.10440,
,,,0.470560000000,   0.10480,
,,,0.470570000000,   0.10400,
,,,0.470580000000,   0.10480,
,,,0.470590000000,   0.10560,
,,,0.470600000000,   0.10480,
,,,0.470610000000,   0.10440,
,,,0.470620000000,   0.10520,
,,,0.470630000000,   0.10440,
,,,0.470640000000,   0.10560,
,,,0.470650000000,   0.10440,
,,,0.470660000000,   0.10520,
,,,0.470670000000,   0.10440,
,,,0.470680000000,   0.10560,
,,,0.470690000000,   0.10520,
,,,0.470700000000,   0.10400,
,,,0.470710000000,   0.10560,
,,,0.470720000000,   0.10440,
,,,0.470730000000,   0.10440,
,,,0.470740000000,   0.10520,
,,,0.470750000000,   0.10560,
,,,0.470760000000,   0.10560,
,,,0.470770000000,   0.10480,
,,,0.470780000000,   0.10560,
,,,0.470790000000,   0.10560,
,,,0.470800000000,   0.10400,
,,,0.470810000000,   0.10600,
,,,0.470820000000,   0.10480,
,,,0.470830000000,   0.10520,
,,,0.470840000000,   0.10520,
,,,0.470850000000,   0.10600,
,,,0.470860000000,   0.10560,
,,,0.470870000000,   0.10560,
,,,0.470880000000,   0.10480,
,,,0.470890000000,   0.10600,
,,,0.470900000000,   0.10560,
,,,0.470910000000,   0.10440,
,,,0.470920000000,   0.10600,
,,,0.470930000000,   0.10560,
,,,0.470940000000,   0.10600,
,,,0.470950000000,   0.10640,
,,,0.470960000000,   0.10480,
,,,0.470970000000,   0.10560,
,,,0.470980000000,   0.10600,
,,,0.470990000000,   0.10600,
,,,0.471000000000,   0.10520,
,,,0.471010000000,   0.10560,
,,,0.471020000000,   0.10560,
,,,0.471030000000,   0.10600,
,,,0.471040000000,   0.10600,
,,,0.471050000000,   0.10640,
,,,0.471060000000,   0.10600,
,,,0.471070000000,   0.10560,
,,,0.471080000000,   0.10560,
,,,0.471090000000,   0.10560,
,,,0.471100000000,   0.10680,
,,,0.471110000000,   0.10680,
,,,0.471120000000,   0.10560,
,,,0.471130000000,   0.10520,
,,,0.471140000000,   0.10600,
,,,0.471150000000,   0.10640,
,,,0.471160000000,   0.10680,
,,,0.471170000000,   0.10560,
,,,0.471180000000,   0.10680,
,,,0.471190000000,   0.10680,
,,,0.471200000000,   0.10720,
,,,0.471210000000,   0.10640,
,,,0.471220000000,   0.10640,
,,,0.471230000000,   0.10720,
,,,0.471240000000,   0.10640,
,,,0.471250000000,   0.10640,
,,,0.471260000000,   0.10560,
,,,0.471270000000,   0.10600,
,,,0.471280000000,   0.10640,
,,,0.471290000000,   0.10800,
,,,0.471300000000,   0.10760,
,,,0.471310000000,   0.10680,
,,,0.471320000000,   0.10800,
,,,0.471330000000,   0.10680,
,,,0.471340000000,   0.10720,
,,,0.471350000000,   0.10800,
,,,0.471360000000,   0.10760,
,,,0.471370000000,   0.10640,
,,,0.471380000000,   0.10720,
,,,0.471390000000,   0.10760,
,,,0.471400000000,   0.10760,
,,,0.471410000000,   0.10800,
,,,0.471420000000,   0.10760,
,,,0.471430000000,   0.10720,
,,,0.471440000000,   0.10760,
,,,0.471450000000,   0.10840,
,,,0.471460000000,   0.10800,
,,,0.471470000000,   0.10800,
,,,0.471480000000,   0.10720,
,,,0.471490000000,   0.10840,
,,,0.471500000000,   0.10640,
,,,0.471510000000,   0.10840,
,,,0.471520000000,   0.10800,
,,,0.471530000000,   0.10800,
,,,0.471540000000,   0.10840,
,,,0.471550000000,   0.10760,
,,,0.471560000000,   0.10800,
,,,0.471570000000,   0.10840,
,,,0.471580000000,   0.10800,
,,,0.471590000000,   0.10800,
,,,0.471600000000,   0.10800,
,,,0.471610000000,   0.10840,
,,,0.471620000000,   0.10880,
,,,0.471630000000,   0.10800,
,,,0.471640000000,   0.10880,
,,,0.471650000000,   0.10840,
,,,0.471660000000,   0.10840,
,,,0.471670000000,   0.10800,
,,,0.471680000000,   0.10960,
,,,0.471690000000,   0.10880,
,,,0.471700000000,   0.10800,
,,,0.471710000000,   0.10840,
,,,0.471720000000,   0.10800,
,,,0.471730000000,   0.10920,
,,,0.471740000000,   0.10880,
,,,0.471750000000,   0.10840,
,,,0.471760000000,   0.10880,
,,,0.471770000000,   0.11040,
,,,0.471780000000,   0.10920,
,,,0.471790000000,   0.10920,
,,,0.471800000000,   0.10880,
,,,0.471810000000,   0.11080,
,,,0.471820000000,   0.11040,
,,,0.471830000000,   0.11080,
,,,0.471840000000,   0.10960,
,,,0.471850000000,   0.10960,
,,,0.471860000000,   0.11000,
,,,0.471870000000,   0.10920,
,,,0.471880000000,   0.11080,
,,,0.471890000000,   0.11000,
,,,0.471900000000,   0.10960,
,,,0.471910000000,   0.10800,
,,,0.471920000000,   0.11000,
,,,0.471930000000,   0.11040,
,,,0.471940000000,   0.11040,
,,,0.471950000000,   0.11000,
,,,0.471960000000,   0.11080,
,,,0.471970000000,   0.11080,
,,,0.471980000000,   0.11040,
,,,0.471990000000,   0.11080,
,,,0.472000000000,   0.11040,
,,,0.472010000000,   0.11120,
,,,0.472020000000,   0.11160,
,,,0.472030000000,   0.11040,
,,,0.472040000000,   0.11040,
,,,0.472050000000,   0.11160,
,,,0.472060000000,   0.11160,
,,,0.472070000000,   0.11080,
,,,0.472080000000,   0.11160,
,,,0.472090000000,   0.11120,
,,,0.472100000000,   0.11120,
,,,0.472110000000,   0.11040,
,,,0.472120000000,   0.11080,
,,,0.472130000000,   0.11240,
,,,0.472140000000,   0.11160,
,,,0.472150000000,   0.11160,
,,,0.472160000000,   0.11200,
,,,0.472170000000,   0.11120,
,,,0.472180000000,   0.11040,
,,,0.472190000000,   0.11200,
,,,0.472200000000,   0.11160,
,,,0.472210000000,   0.11200,
,,,0.472220000000,   0.11160,
,,,0.472230000000,   0.11160,
,,,0.472240000000,   0.11160,
,,,0.472250000000,   0.11200,
,,,0.472260000000,   0.11120,
,,,0.472270000000,   0.11160,
,,,0.472280000000,   0.11240,
,,,0.472290000000,   0.11320,
