Record Length,2.500000e+03,,   0.430200000000,   0.08000,
Sample Interval,2.000000e-05,,   0.430220000000,   0.16000,
Trigger Point,-2.151000000000e+04,,   0.430240000000,   0.16000,
,,,   0.430260000000,   0.16000,
,,,   0.430280000000,   0.16000,
,,,   0.430300000000,   0.08000,
Source,CH2,,   0.430320000000,   0.08000,
Vertical Units,V,,   0.430340000000,   0.08000,
Vertical Scale,2.000000e+00,,   0.430360000000,   0.08000,
Vertical Offset,5.120000e+00,,   0.430380000000,   0.08000,
Horizontal Units,s,,   0.430400000000,   0.08000,
Horizontal Scale,5.000000e-03,,   0.430420000000,   0.16000,
Pt Fmt,Y,,   0.430440000000,   0.08000,
Yzero,0.000000e+00,,   0.430460000000,   0.08000,
Probe Atten,1.000000e+00,,   0.430480000000,   0.08000,
Model Number,TDS2024B,,   0.430500000000,   0.16000,
Serial Number,C104833,,   0.430520000000,   0.08000,
Firmware Version,FV:v24.02,,   0.430540000000,   0.08000,
,,,0.430560000000,   0.08000,
,,,0.430580000000,   0.08000,
,,,0.430600000000,   0.08000,
,,,0.430620000000,   0.08000,
,,,0.430640000000,   0.08000,
,,,0.430660000000,   0.08000,
,,,0.430680000000,   0.08000,
,,,0.430700000000,   0.08000,
,,,0.430720000000,   0.08000,
,,,0.430740000000,   0.08000,
,,,0.430760000000,   0.08000,
,,,0.430780000000,   0.08000,
,,,0.430800000000,   0.08000,
,,,0.430820000000,   0.00000,
,,,0.430840000000,   0.08000,
,,,0.430860000000,   0.08000,
,,,0.430880000000,   0.08000,
,,,0.430900000000,   0.08000,
,,,0.430920000000,   0.08000,
,,,0.430940000000,   0.00000,
,,,0.430960000000,   0.08000,
,,,0.430980000000,   0.00000,
,,,0.431000000000,   0.08000,
,,,0.431020000000,   0.00000,
,,,0.431040000000,   0.08000,
,,,0.431060000000,   0.00000,
,,,0.431080000000,   0.00000,
,,,0.431100000000,   0.08000,
,,,0.431120000000,   0.08000,
,,,0.431140000000,   0.00000,
,,,0.431160000000,   0.08000,
,,,0.431180000000,   0.08000,
,,,0.431200000000,   0.08000,
,,,0.431220000000,   0.00000,
,,,0.431240000000,   0.00000,
,,,0.431260000000,   0.00000,
,,,0.431280000000,   0.00000,
,,,0.431300000000,   0.08000,
,,,0.431320000000,   0.00000,
,,,0.431340000000,   0.00000,
,,,0.431360000000,   0.00000,
,,,0.431380000000,   0.00000,
,,,0.431400000000,   0.00000,
,,,0.431420000000,   0.00000,
,,,0.431440000000,   0.00000,
,,,0.431460000000,   0.08000,
,,,0.431480000000,   0.00000,
,,,0.431500000000,   0.08000,
,,,0.431520000000,   0.00000,
,,,0.431540000000,  -0.08000,
,,,0.431560000000,   0.00000,
,,,0.431580000000,   0.00000,
,,,0.431600000000,   0.00000,
,,,0.431620000000,  -0.08000,
,,,0.431640000000,   0.00000,
,,,0.431660000000,   0.00000,
,,,0.431680000000,   0.00000,
,,,0.431700000000,   0.00000,
,,,0.431720000000,   0.00000,
,,,0.431740000000,   0.00000,
,,,0.431760000000,   0.00000,
,,,0.431780000000,   0.00000,
,,,0.431800000000,   0.00000,
,,,0.431820000000,   0.00000,
,,,0.431840000000,   0.08000,
,,,0.431860000000,   0.00000,
,,,0.431880000000,   0.00000,
,,,0.431900000000,  -0.08000,
,,,0.431920000000,  -0.08000,
,,,0.431940000000,  -0.08000,
,,,0.431960000000,   0.00000,
,,,0.431980000000,  -0.08000,
,,,0.432000000000,   0.00000,
,,,0.432020000000,  -0.08000,
,,,0.432040000000,   0.00000,
,,,0.432060000000,  -0.08000,
,,,0.432080000000,  -0.08000,
,,,0.432100000000,  -0.08000,
,,,0.432120000000,  -0.08000,
,,,0.432140000000,  -0.08000,
,,,0.432160000000,  -0.08000,
,,,0.432180000000,  -0.08000,
,,,0.432200000000,   0.00000,
,,,0.432220000000,  -0.08000,
,,,0.432240000000,  -0.08000,
,,,0.432260000000,  -0.08000,
,,,0.432280000000,   0.00000,
,,,0.432300000000,  -0.08000,
,,,0.432320000000,  -0.08000,
,,,0.432340000000,  -0.08000,
,,,0.432360000000,  -0.08000,
,,,0.432380000000,  -0.08000,
,,,0.432400000000,  -0.08000,
,,,0.432420000000,  -0.08000,
,,,0.432440000000,  -0.08000,
,,,0.432460000000,  -0.08000,
,,,0.432480000000,  -0.08000,
,,,0.432500000000,  -0.08000,
,,,0.432520000000,  -0.08000,
,,,0.432540000000,  -0.08000,
,,,0.432560000000,  -0.08000,
,,,0.432580000000,  -0.08000,
,,,0.432600000000,  -0.08000,
,,,0.432620000000,  -0.08000,
,,,0.432640000000,  -0.08000,
,,,0.432660000000,  -0.08000,
,,,0.432680000000,  -0.08000,
,,,0.432700000000,  -0.08000,
,,,0.432720000000,  -0.08000,
,,,0.432740000000,  -0.08000,
,,,0.432760000000,  -0.08000,
,,,0.432780000000,  -0.08000,
,,,0.432800000000,  -0.08000,
,,,0.432820000000,  -0.08000,
,,,0.432840000000,  -0.08000,
,,,0.432860000000,  -0.08000,
,,,0.432880000000,  -0.08000,
,,,0.432900000000,  -0.08000,
,,,0.432920000000,  -0.08000,
,,,0.432940000000,  -0.08000,
,,,0.432960000000,  -0.08000,
,,,0.432980000000,  -0.08000,
,,,0.433000000000,  -0.08000,
,,,0.433020000000,  -0.08000,
,,,0.433040000000,  -0.08000,
,,,0.433060000000,  -0.08000,
,,,0.433080000000,  -0.08000,
,,,0.433100000000,  -0.16000,
,,,0.433120000000,  -0.08000,
,,,0.433140000000,  -0.08000,
,,,0.433160000000,  -0.08000,
,,,0.433180000000,  -0.08000,
,,,0.433200000000,  -0.08000,
,,,0.433220000000,  -0.08000,
,,,0.433240000000,  -0.16000,
,,,0.433260000000,  -0.08000,
,,,0.433280000000,  -0.08000,
,,,0.433300000000,  -0.08000,
,,,0.433320000000,  -0.16000,
,,,0.433340000000,  -0.16000,
,,,0.433360000000,  -0.08000,
,,,0.433380000000,  -0.16000,
,,,0.433400000000,  -0.08000,
,,,0.433420000000,  -0.16000,
,,,0.433440000000,  -0.08000,
,,,0.433460000000,  -0.16000,
,,,0.433480000000,  -0.16000,
,,,0.433500000000,  -0.08000,
,,,0.433520000000,  -0.16000,
,,,0.433540000000,  -0.08000,
,,,0.433560000000,  -0.16000,
,,,0.433580000000,  -0.24000,
,,,0.433600000000,  -0.16000,
,,,0.433620000000,  -0.16000,
,,,0.433640000000,  -0.16000,
,,,0.433660000000,  -0.16000,
,,,0.433680000000,  -0.16000,
,,,0.433700000000,  -0.16000,
,,,0.433720000000,  -0.16000,
,,,0.433740000000,  -0.16000,
,,,0.433760000000,  -0.16000,
,,,0.433780000000,  -0.16000,
,,,0.433800000000,  -0.16000,
,,,0.433820000000,  -0.16000,
,,,0.433840000000,  -0.16000,
,,,0.433860000000,  -0.16000,
,,,0.433880000000,  -0.16000,
,,,0.433900000000,  -0.24000,
,,,0.433920000000,  -0.24000,
,,,0.433940000000,  -0.16000,
,,,0.433960000000,  -0.16000,
,,,0.433980000000,  -0.16000,
,,,0.434000000000,  -0.24000,
,,,0.434020000000,  -0.24000,
,,,0.434040000000,  -0.16000,
,,,0.434060000000,  -0.16000,
,,,0.434080000000,  -0.24000,
,,,0.434100000000,  -0.24000,
,,,0.434120000000,  -0.24000,
,,,0.434140000000,  -0.24000,
,,,0.434160000000,  -0.16000,
,,,0.434180000000,  -0.24000,
,,,0.434200000000,  -0.16000,
,,,0.434220000000,  -0.24000,
,,,0.434240000000,  -0.24000,
,,,0.434260000000,  -0.24000,
,,,0.434280000000,  -0.24000,
,,,0.434300000000,  -0.16000,
,,,0.434320000000,  -0.24000,
,,,0.434340000000,  -0.24000,
,,,0.434360000000,  -0.24000,
,,,0.434380000000,  -0.24000,
,,,0.434400000000,  -0.16000,
,,,0.434420000000,  -0.24000,
,,,0.434440000000,  -0.24000,
,,,0.434460000000,  -0.32000,
,,,0.434480000000,  -0.24000,
,,,0.434500000000,  -0.16000,
,,,0.434520000000,  -0.16000,
,,,0.434540000000,  -0.24000,
,,,0.434560000000,  -0.24000,
,,,0.434580000000,  -0.16000,
,,,0.434600000000,  -0.16000,
,,,0.434620000000,  -0.16000,
,,,0.434640000000,  -0.24000,
,,,0.434660000000,  -0.32000,
,,,0.434680000000,  -0.24000,
,,,0.434700000000,  -0.32000,
,,,0.434720000000,  -0.24000,
,,,0.434740000000,  -0.24000,
,,,0.434760000000,  -0.32000,
,,,0.434780000000,  -0.24000,
,,,0.434800000000,  -0.24000,
,,,0.434820000000,  -0.24000,
,,,0.434840000000,  -0.32000,
,,,0.434860000000,  -0.32000,
,,,0.434880000000,  -0.24000,
,,,0.434900000000,  -0.24000,
,,,0.434920000000,  -0.24000,
,,,0.434940000000,  -0.24000,
,,,0.434960000000,  -0.32000,
,,,0.434980000000,  -0.24000,
,,,0.435000000000,  -0.24000,
,,,0.435020000000,  -0.32000,
,,,0.435040000000,  -0.32000,
,,,0.435060000000,  -0.32000,
,,,0.435080000000,  -0.32000,
,,,0.435100000000,  -0.24000,
,,,0.435120000000,  -0.32000,
,,,0.435140000000,  -0.32000,
,,,0.435160000000,  -0.32000,
,,,0.435180000000,  -0.32000,
,,,0.435200000000,  -0.32000,
,,,0.435220000000,  -0.32000,
,,,0.435240000000,  -0.24000,
,,,0.435260000000,  -0.32000,
,,,0.435280000000,  -0.32000,
,,,0.435300000000,  -0.32000,
,,,0.435320000000,  -0.32000,
,,,0.435340000000,  -0.32000,
,,,0.435360000000,  -0.32000,
,,,0.435380000000,  -0.32000,
,,,0.435400000000,  -0.32000,
,,,0.435420000000,  -0.32000,
,,,0.435440000000,  -0.32000,
,,,0.435460000000,  -0.32000,
,,,0.435480000000,  -0.32000,
,,,0.435500000000,  -0.32000,
,,,0.435520000000,  -0.32000,
,,,0.435540000000,  -0.32000,
,,,0.435560000000,  -0.32000,
,,,0.435580000000,  -0.32000,
,,,0.435600000000,  -0.32000,
,,,0.435620000000,  -0.32000,
,,,0.435640000000,  -0.32000,
,,,0.435660000000,  -0.32000,
,,,0.435680000000,  -0.32000,
,,,0.435700000000,  -0.32000,
,,,0.435720000000,  -0.32000,
,,,0.435740000000,  -0.32000,
,,,0.435760000000,  -0.32000,
,,,0.435780000000,  -0.32000,
,,,0.435800000000,  -0.32000,
,,,0.435820000000,  -0.32000,
,,,0.435840000000,  -0.32000,
,,,0.435860000000,  -0.32000,
,,,0.435880000000,  -0.32000,
,,,0.435900000000,  -0.32000,
,,,0.435920000000,  -0.32000,
,,,0.435940000000,  -0.32000,
,,,0.435960000000,  -0.32000,
,,,0.435980000000,  -0.32000,
,,,0.436000000000,  -0.32000,
,,,0.436020000000,  -0.32000,
,,,0.436040000000,  -0.32000,
,,,0.436060000000,  -0.32000,
,,,0.436080000000,  -0.32000,
,,,0.436100000000,  -0.32000,
,,,0.436120000000,  -0.40000,
,,,0.436140000000,  -0.32000,
,,,0.436160000000,  -0.32000,
,,,0.436180000000,  -0.32000,
,,,0.436200000000,  -0.32000,
,,,0.436220000000,  -0.32000,
,,,0.436240000000,  -0.32000,
,,,0.436260000000,  -0.32000,
,,,0.436280000000,  -0.40000,
,,,0.436300000000,  -0.40000,
,,,0.436320000000,  -0.40000,
,,,0.436340000000,  -0.32000,
,,,0.436360000000,  -0.40000,
,,,0.436380000000,  -0.32000,
,,,0.436400000000,  -0.32000,
,,,0.436420000000,  -0.40000,
,,,0.436440000000,  -0.32000,
,,,0.436460000000,  -0.40000,
,,,0.436480000000,  -0.40000,
,,,0.436500000000,  -0.32000,
,,,0.436520000000,  -0.32000,
,,,0.436540000000,  -0.40000,
,,,0.436560000000,  -0.32000,
,,,0.436580000000,  -0.40000,
,,,0.436600000000,  -0.32000,
,,,0.436620000000,  -0.32000,
,,,0.436640000000,  -0.32000,
,,,0.436660000000,  -0.40000,
,,,0.436680000000,  -0.40000,
,,,0.436700000000,  -0.40000,
,,,0.436720000000,  -0.40000,
,,,0.436740000000,  -0.40000,
,,,0.436760000000,  -0.40000,
,,,0.436780000000,  -0.48000,
,,,0.436800000000,  -0.32000,
,,,0.436820000000,  -0.40000,
,,,0.436840000000,  -0.40000,
,,,0.436860000000,  -0.40000,
,,,0.436880000000,  -0.40000,
,,,0.436900000000,  -0.48000,
,,,0.436920000000,  -0.40000,
,,,0.436940000000,  -0.40000,
,,,0.436960000000,  -0.40000,
,,,0.436980000000,  -0.40000,
,,,0.437000000000,  -0.40000,
,,,0.437020000000,  -0.40000,
,,,0.437040000000,  -0.40000,
,,,0.437060000000,  -0.40000,
,,,0.437080000000,  -0.40000,
,,,0.437100000000,  -0.40000,
,,,0.437120000000,  -0.40000,
,,,0.437140000000,  -0.48000,
,,,0.437160000000,  -0.40000,
,,,0.437180000000,  -0.48000,
,,,0.437200000000,  -0.48000,
,,,0.437220000000,  -0.40000,
,,,0.437240000000,  -0.40000,
,,,0.437260000000,  -0.40000,
,,,0.437280000000,  -0.40000,
,,,0.437300000000,  -0.40000,
,,,0.437320000000,  -0.40000,
,,,0.437340000000,  -0.40000,
,,,0.437360000000,  -0.48000,
,,,0.437380000000,  -0.40000,
,,,0.437400000000,  -0.40000,
,,,0.437420000000,  -0.48000,
,,,0.437440000000,  -0.48000,
,,,0.437460000000,  -0.48000,
,,,0.437480000000,  -0.48000,
,,,0.437500000000,  -0.48000,
,,,0.437520000000,  -0.48000,
,,,0.437540000000,  -0.40000,
,,,0.437560000000,  -0.40000,
,,,0.437580000000,  -0.48000,
,,,0.437600000000,  -0.40000,
,,,0.437620000000,  -0.40000,
,,,0.437640000000,  -0.40000,
,,,0.437660000000,  -0.48000,
,,,0.437680000000,  -0.48000,
,,,0.437700000000,  -0.40000,
,,,0.437720000000,  -0.48000,
,,,0.437740000000,  -0.48000,
,,,0.437760000000,  -0.48000,
,,,0.437780000000,  -0.40000,
,,,0.437800000000,  -0.48000,
,,,0.437820000000,  -0.48000,
,,,0.437840000000,  -0.48000,
,,,0.437860000000,  -0.48000,
,,,0.437880000000,  -0.56000,
,,,0.437900000000,  -0.48000,
,,,0.437920000000,  -0.56000,
,,,0.437940000000,  -0.48000,
,,,0.437960000000,  -0.48000,
,,,0.437980000000,  -0.48000,
,,,0.438000000000,  -0.48000,
,,,0.438020000000,  -0.48000,
,,,0.438040000000,  -0.48000,
,,,0.438060000000,  -0.56000,
,,,0.438080000000,  -0.48000,
,,,0.438100000000,  -0.48000,
,,,0.438120000000,  -0.48000,
,,,0.438140000000,  -0.56000,
,,,0.438160000000,  -0.48000,
,,,0.438180000000,  -0.48000,
,,,0.438200000000,  -0.56000,
,,,0.438220000000,  -0.56000,
,,,0.438240000000,  -0.48000,
,,,0.438260000000,  -0.48000,
,,,0.438280000000,  -0.56000,
,,,0.438300000000,  -0.48000,
,,,0.438320000000,  -0.56000,
,,,0.438340000000,  -0.48000,
,,,0.438360000000,  -0.48000,
,,,0.438380000000,  -0.56000,
,,,0.438400000000,  -0.48000,
,,,0.438420000000,  -0.56000,
,,,0.438440000000,  -0.56000,
,,,0.438460000000,  -0.48000,
,,,0.438480000000,  -0.56000,
,,,0.438500000000,  -0.56000,
,,,0.438520000000,  -0.56000,
,,,0.438540000000,  -0.56000,
,,,0.438560000000,  -0.48000,
,,,0.438580000000,  -0.56000,
,,,0.438600000000,  -0.56000,
,,,0.438620000000,  -0.56000,
,,,0.438640000000,  -0.56000,
,,,0.438660000000,  -0.56000,
,,,0.438680000000,  -0.56000,
,,,0.438700000000,  -0.56000,
,,,0.438720000000,  -0.56000,
,,,0.438740000000,  -0.56000,
,,,0.438760000000,  -0.56000,
,,,0.438780000000,  -0.56000,
,,,0.438800000000,  -0.56000,
,,,0.438820000000,  -0.56000,
,,,0.438840000000,  -0.64000,
,,,0.438860000000,  -0.48000,
,,,0.438880000000,  -0.56000,
,,,0.438900000000,  -0.56000,
,,,0.438920000000,  -0.56000,
,,,0.438940000000,  -0.56000,
,,,0.438960000000,  -0.56000,
,,,0.438980000000,  -0.56000,
,,,0.439000000000,  -0.56000,
,,,0.439020000000,  -0.56000,
,,,0.439040000000,  -0.56000,
,,,0.439060000000,  -0.56000,
,,,0.439080000000,  -0.64000,
,,,0.439100000000,  -0.56000,
,,,0.439120000000,  -0.56000,
,,,0.439140000000,  -0.56000,
,,,0.439160000000,  -0.56000,
,,,0.439180000000,  -0.56000,
,,,0.439200000000,  -0.56000,
,,,0.439220000000,  -0.56000,
,,,0.439240000000,  -0.56000,
,,,0.439260000000,  -0.56000,
,,,0.439280000000,  -0.56000,
,,,0.439300000000,  -0.64000,
,,,0.439320000000,  -0.56000,
,,,0.439340000000,  -0.56000,
,,,0.439360000000,  -0.64000,
,,,0.439380000000,  -0.64000,
,,,0.439400000000,  -0.64000,
,,,0.439420000000,  -0.56000,
,,,0.439440000000,  -0.64000,
,,,0.439460000000,  -0.56000,
,,,0.439480000000,  -0.64000,
,,,0.439500000000,  -0.64000,
,,,0.439520000000,  -0.56000,
,,,0.439540000000,  -0.64000,
,,,0.439560000000,  -0.64000,
,,,0.439580000000,  -0.64000,
,,,0.439600000000,  -0.64000,
,,,0.439620000000,  -0.56000,
,,,0.439640000000,  -0.64000,
,,,0.439660000000,  -0.64000,
,,,0.439680000000,  -0.64000,
,,,0.439700000000,  -0.64000,
,,,0.439720000000,  -0.56000,
,,,0.439740000000,  -0.64000,
,,,0.439760000000,  -0.56000,
,,,0.439780000000,  -0.64000,
,,,0.439800000000,  -0.64000,
,,,0.439820000000,  -0.64000,
,,,0.439840000000,  -0.64000,
,,,0.439860000000,  -0.64000,
,,,0.439880000000,  -0.64000,
,,,0.439900000000,  -0.64000,
,,,0.439920000000,  -0.64000,
,,,0.439940000000,  -0.64000,
,,,0.439960000000,  -0.64000,
,,,0.439980000000,  -0.64000,
,,,0.440000000000,  -0.64000,
,,,0.440020000000,  -0.64000,
,,,0.440040000000,  -0.64000,
,,,0.440060000000,  -0.72000,
,,,0.440080000000,  -0.64000,
,,,0.440100000000,  -0.72000,
,,,0.440120000000,  -0.64000,
,,,0.440140000000,  -0.72000,
,,,0.440160000000,  -0.64000,
,,,0.440180000000,  -0.64000,
,,,0.440200000000,  -0.64000,
,,,0.440220000000,  -0.72000,
,,,0.440240000000,  -0.64000,
,,,0.440260000000,  -0.72000,
,,,0.440280000000,  -0.72000,
,,,0.440300000000,  -0.64000,
,,,0.440320000000,  -0.72000,
,,,0.440340000000,  -0.72000,
,,,0.440360000000,  -0.72000,
,,,0.440380000000,  -0.72000,
,,,0.440400000000,  -0.72000,
,,,0.440420000000,  -0.64000,
,,,0.440440000000,  -0.64000,
,,,0.440460000000,  -0.64000,
,,,0.440480000000,  -0.72000,
,,,0.440500000000,  -0.72000,
,,,0.440520000000,  -0.72000,
,,,0.440540000000,  -0.72000,
,,,0.440560000000,  -0.72000,
,,,0.440580000000,  -0.72000,
,,,0.440600000000,  -0.72000,
,,,0.440620000000,  -0.72000,
,,,0.440640000000,  -0.72000,
,,,0.440660000000,  -0.64000,
,,,0.440680000000,  -0.72000,
,,,0.440700000000,  -0.72000,
,,,0.440720000000,  -0.72000,
,,,0.440740000000,  -0.72000,
,,,0.440760000000,  -0.72000,
,,,0.440780000000,  -0.72000,
,,,0.440800000000,  -0.72000,
,,,0.440820000000,  -0.72000,
,,,0.440840000000,  -0.72000,
,,,0.440860000000,  -0.80000,
,,,0.440880000000,  -0.72000,
,,,0.440900000000,  -0.72000,
,,,0.440920000000,  -0.72000,
,,,0.440940000000,  -0.72000,
,,,0.440960000000,  -0.72000,
,,,0.440980000000,  -0.72000,
,,,0.441000000000,  -0.80000,
,,,0.441020000000,  -0.72000,
,,,0.441040000000,  -0.72000,
,,,0.441060000000,  -0.72000,
,,,0.441080000000,  -0.72000,
,,,0.441100000000,  -0.72000,
,,,0.441120000000,  -0.80000,
,,,0.441140000000,  -0.80000,
,,,0.441160000000,  -0.72000,
,,,0.441180000000,  -0.72000,
,,,0.441200000000,  -0.72000,
,,,0.441220000000,  -0.72000,
,,,0.441240000000,  -0.72000,
,,,0.441260000000,  -0.72000,
,,,0.441280000000,  -0.72000,
,,,0.441300000000,  -0.80000,
,,,0.441320000000,  -0.80000,
,,,0.441340000000,  -0.80000,
,,,0.441360000000,  -0.80000,
,,,0.441380000000,  -0.80000,
,,,0.441400000000,  -0.80000,
,,,0.441420000000,  -0.80000,
,,,0.441440000000,  -0.80000,
,,,0.441460000000,  -0.80000,
,,,0.441480000000,  -0.72000,
,,,0.441500000000,  -0.80000,
,,,0.441520000000,  -0.80000,
,,,0.441540000000,  -0.80000,
,,,0.441560000000,  -0.80000,
,,,0.441580000000,  -0.80000,
,,,0.441600000000,  -0.80000,
,,,0.441620000000,  -0.80000,
,,,0.441640000000,  -0.80000,
,,,0.441660000000,  -0.88000,
,,,0.441680000000,  -0.80000,
,,,0.441700000000,  -0.80000,
,,,0.441720000000,  -0.80000,
,,,0.441740000000,  -0.80000,
,,,0.441760000000,  -0.72000,
,,,0.441780000000,  -0.80000,
,,,0.441800000000,  -0.80000,
,,,0.441820000000,  -0.80000,
,,,0.441840000000,  -0.80000,
,,,0.441860000000,  -0.80000,
,,,0.441880000000,  -0.80000,
,,,0.441900000000,  -0.80000,
,,,0.441920000000,  -0.80000,
,,,0.441940000000,  -0.80000,
,,,0.441960000000,  -0.80000,
,,,0.441980000000,  -0.80000,
,,,0.442000000000,  -0.80000,
,,,0.442020000000,  -0.80000,
,,,0.442040000000,  -0.88000,
,,,0.442060000000,  -0.80000,
,,,0.442080000000,  -0.80000,
,,,0.442100000000,  -0.80000,
,,,0.442120000000,  -0.80000,
,,,0.442140000000,  -0.80000,
,,,0.442160000000,  -0.80000,
,,,0.442180000000,  -0.88000,
,,,0.442200000000,  -0.80000,
,,,0.442220000000,  -0.80000,
,,,0.442240000000,  -0.80000,
,,,0.442260000000,  -0.88000,
,,,0.442280000000,  -0.80000,
,,,0.442300000000,  -0.80000,
,,,0.442320000000,  -0.88000,
,,,0.442340000000,  -0.88000,
,,,0.442360000000,  -0.88000,
,,,0.442380000000,  -0.88000,
,,,0.442400000000,  -0.88000,
,,,0.442420000000,  -0.88000,
,,,0.442440000000,  -0.88000,
,,,0.442460000000,  -0.88000,
,,,0.442480000000,  -0.80000,
,,,0.442500000000,  -0.88000,
,,,0.442520000000,  -0.88000,
,,,0.442540000000,  -0.88000,
,,,0.442560000000,  -0.88000,
,,,0.442580000000,  -0.88000,
,,,0.442600000000,  -0.88000,
,,,0.442620000000,  -0.88000,
,,,0.442640000000,  -0.88000,
,,,0.442660000000,  -0.88000,
,,,0.442680000000,  -0.88000,
,,,0.442700000000,  -0.88000,
,,,0.442720000000,  -0.88000,
,,,0.442740000000,  -0.88000,
,,,0.442760000000,  -0.88000,
,,,0.442780000000,  -0.88000,
,,,0.442800000000,  -0.88000,
,,,0.442820000000,  -0.88000,
,,,0.442840000000,  -0.88000,
,,,0.442860000000,  -0.88000,
,,,0.442880000000,  -0.88000,
,,,0.442900000000,  -0.88000,
,,,0.442920000000,  -0.88000,
,,,0.442940000000,  -0.96000,
,,,0.442960000000,  -0.88000,
,,,0.442980000000,  -0.88000,
,,,0.443000000000,  -0.88000,
,,,0.443020000000,  -0.88000,
,,,0.443040000000,  -0.88000,
,,,0.443060000000,  -0.88000,
,,,0.443080000000,  -0.88000,
,,,0.443100000000,  -0.88000,
,,,0.443120000000,  -0.88000,
,,,0.443140000000,  -0.96000,
,,,0.443160000000,  -0.96000,
,,,0.443180000000,  -0.88000,
,,,0.443200000000,  -0.88000,
,,,0.443220000000,  -0.88000,
,,,0.443240000000,  -0.96000,
,,,0.443260000000,  -0.96000,
,,,0.443280000000,  -0.88000,
,,,0.443300000000,  -0.96000,
,,,0.443320000000,  -0.96000,
,,,0.443340000000,  -0.96000,
,,,0.443360000000,  -0.88000,
,,,0.443380000000,  -0.96000,
,,,0.443400000000,  -0.96000,
,,,0.443420000000,  -0.96000,
,,,0.443440000000,  -0.96000,
,,,0.443460000000,  -0.88000,
,,,0.443480000000,  -0.88000,
,,,0.443500000000,  -0.96000,
,,,0.443520000000,  -0.96000,
,,,0.443540000000,  -0.96000,
,,,0.443560000000,  -0.96000,
,,,0.443580000000,  -0.96000,
,,,0.443600000000,  -0.96000,
,,,0.443620000000,  -0.96000,
,,,0.443640000000,  -0.96000,
,,,0.443660000000,  -0.96000,
,,,0.443680000000,  -0.88000,
,,,0.443700000000,  -0.96000,
,,,0.443720000000,  -0.96000,
,,,0.443740000000,  -0.96000,
,,,0.443760000000,  -0.96000,
,,,0.443780000000,  -0.96000,
,,,0.443800000000,  -0.96000,
,,,0.443820000000,  -0.96000,
,,,0.443840000000,  -0.96000,
,,,0.443860000000,  -1.04000,
,,,0.443880000000,  -1.04000,
,,,0.443900000000,  -0.96000,
,,,0.443920000000,  -0.96000,
,,,0.443940000000,  -0.96000,
,,,0.443960000000,  -0.96000,
,,,0.443980000000,  -1.04000,
,,,0.444000000000,  -0.96000,
,,,0.444020000000,  -0.96000,
,,,0.444040000000,  -1.04000,
,,,0.444060000000,  -0.96000,
,,,0.444080000000,  -0.96000,
,,,0.444100000000,  -1.04000,
,,,0.444120000000,  -0.96000,
,,,0.444140000000,  -0.96000,
,,,0.444160000000,  -1.04000,
,,,0.444180000000,  -0.96000,
,,,0.444200000000,  -0.96000,
,,,0.444220000000,  -0.96000,
,,,0.444240000000,  -0.96000,
,,,0.444260000000,  -0.96000,
,,,0.444280000000,  -1.04000,
,,,0.444300000000,  -0.96000,
,,,0.444320000000,  -1.04000,
,,,0.444340000000,  -0.96000,
,,,0.444360000000,  -1.04000,
,,,0.444380000000,  -1.04000,
,,,0.444400000000,  -0.96000,
,,,0.444420000000,  -1.04000,
,,,0.444440000000,  -1.04000,
,,,0.444460000000,  -1.04000,
,,,0.444480000000,  -1.04000,
,,,0.444500000000,  -1.04000,
,,,0.444520000000,  -1.04000,
,,,0.444540000000,  -1.04000,
,,,0.444560000000,  -1.04000,
,,,0.444580000000,  -1.04000,
,,,0.444600000000,  -1.04000,
,,,0.444620000000,  -1.04000,
,,,0.444640000000,  -1.04000,
,,,0.444660000000,  -0.96000,
,,,0.444680000000,  -0.96000,
,,,0.444700000000,  -1.04000,
,,,0.444720000000,  -1.04000,
,,,0.444740000000,  -1.04000,
,,,0.444760000000,  -1.04000,
,,,0.444780000000,  -1.04000,
,,,0.444800000000,  -1.04000,
,,,0.444820000000,  -1.04000,
,,,0.444840000000,  -1.04000,
,,,0.444860000000,  -1.04000,
,,,0.444880000000,  -1.04000,
,,,0.444900000000,  -1.04000,
,,,0.444920000000,  -1.04000,
,,,0.444940000000,  -1.04000,
,,,0.444960000000,  -1.04000,
,,,0.444980000000,  -1.04000,
,,,0.445000000000,  -1.04000,
,,,0.445020000000,  -1.04000,
,,,0.445040000000,  -1.04000,
,,,0.445060000000,  -1.04000,
,,,0.445080000000,  -1.12000,
,,,0.445100000000,  -1.04000,
,,,0.445120000000,  -1.04000,
,,,0.445140000000,  -1.04000,
,,,0.445160000000,  -1.04000,
,,,0.445180000000,  -1.04000,
,,,0.445200000000,  -1.04000,
,,,0.445220000000,  -1.04000,
,,,0.445240000000,  -1.04000,
,,,0.445260000000,  -1.04000,
,,,0.445280000000,  -1.04000,
,,,0.445300000000,  -1.04000,
,,,0.445320000000,  -1.04000,
,,,0.445340000000,  -1.04000,
,,,0.445360000000,  -1.04000,
,,,0.445380000000,  -1.12000,
,,,0.445400000000,  -1.12000,
,,,0.445420000000,  -1.04000,
,,,0.445440000000,  -1.12000,
,,,0.445460000000,  -1.04000,
,,,0.445480000000,  -1.12000,
,,,0.445500000000,  -1.04000,
,,,0.445520000000,  -1.12000,
,,,0.445540000000,  -1.12000,
,,,0.445560000000,  -1.04000,
,,,0.445580000000,  -1.04000,
,,,0.445600000000,  -1.12000,
,,,0.445620000000,  -1.04000,
,,,0.445640000000,  -1.04000,
,,,0.445660000000,  -1.04000,
,,,0.445680000000,  -1.12000,
,,,0.445700000000,  -1.12000,
,,,0.445720000000,  -1.12000,
,,,0.445740000000,  -1.12000,
,,,0.445760000000,  -1.04000,
,,,0.445780000000,  -1.12000,
,,,0.445800000000,  -1.12000,
,,,0.445820000000,  -1.04000,
,,,0.445840000000,  -1.12000,
,,,0.445860000000,  -1.12000,
,,,0.445880000000,  -1.12000,
,,,0.445900000000,  -1.04000,
,,,0.445920000000,  -1.12000,
,,,0.445940000000,  -1.12000,
,,,0.445960000000,  -1.04000,
,,,0.445980000000,  -1.12000,
,,,0.446000000000,  -1.12000,
,,,0.446020000000,  -1.12000,
,,,0.446040000000,  -1.12000,
,,,0.446060000000,  -1.12000,
,,,0.446080000000,  -1.12000,
,,,0.446100000000,  -1.20000,
,,,0.446120000000,  -1.12000,
,,,0.446140000000,  -1.12000,
,,,0.446160000000,  -1.12000,
,,,0.446180000000,  -1.12000,
,,,0.446200000000,  -1.12000,
,,,0.446220000000,  -1.12000,
,,,0.446240000000,  -1.12000,
,,,0.446260000000,  -1.12000,
,,,0.446280000000,  -1.20000,
,,,0.446300000000,  -1.04000,
,,,0.446320000000,  -1.12000,
,,,0.446340000000,  -1.12000,
,,,0.446360000000,  -1.12000,
,,,0.446380000000,  -1.12000,
,,,0.446400000000,  -1.12000,
,,,0.446420000000,  -1.20000,
,,,0.446440000000,  -1.12000,
,,,0.446460000000,  -1.20000,
,,,0.446480000000,  -1.20000,
,,,0.446500000000,  -1.12000,
,,,0.446520000000,  -1.12000,
,,,0.446540000000,  -1.20000,
,,,0.446560000000,  -1.12000,
,,,0.446580000000,  -1.20000,
,,,0.446600000000,  -1.20000,
,,,0.446620000000,  -1.20000,
,,,0.446640000000,  -1.20000,
,,,0.446660000000,  -1.12000,
,,,0.446680000000,  -1.12000,
,,,0.446700000000,  -1.20000,
,,,0.446720000000,  -1.12000,
,,,0.446740000000,  -1.20000,
,,,0.446760000000,  -1.20000,
,,,0.446780000000,  -1.20000,
,,,0.446800000000,  -1.20000,
,,,0.446820000000,  -1.20000,
,,,0.446840000000,  -1.20000,
,,,0.446860000000,  -1.20000,
,,,0.446880000000,  -1.20000,
,,,0.446900000000,  -1.20000,
,,,0.446920000000,  -1.20000,
,,,0.446940000000,  -1.20000,
,,,0.446960000000,  -1.20000,
,,,0.446980000000,  -1.20000,
,,,0.447000000000,  -1.20000,
,,,0.447020000000,  -1.20000,
,,,0.447040000000,  -1.20000,
,,,0.447060000000,  -1.20000,
,,,0.447080000000,  -1.20000,
,,,0.447100000000,  -1.20000,
,,,0.447120000000,  -1.20000,
,,,0.447140000000,  -1.20000,
,,,0.447160000000,  -1.12000,
,,,0.447180000000,  -1.20000,
,,,0.447200000000,  -1.20000,
,,,0.447220000000,  -1.20000,
,,,0.447240000000,  -1.12000,
,,,0.447260000000,  -1.20000,
,,,0.447280000000,  -1.20000,
,,,0.447300000000,  -1.20000,
,,,0.447320000000,  -1.28000,
,,,0.447340000000,  -1.20000,
,,,0.447360000000,  -1.20000,
,,,0.447380000000,  -1.20000,
,,,0.447400000000,  -1.28000,
,,,0.447420000000,  -1.20000,
,,,0.447440000000,  -1.20000,
,,,0.447460000000,  -1.28000,
,,,0.447480000000,  -1.28000,
,,,0.447500000000,  -1.20000,
,,,0.447520000000,  -1.20000,
,,,0.447540000000,  -1.20000,
,,,0.447560000000,  -1.28000,
,,,0.447580000000,  -1.20000,
,,,0.447600000000,  -1.20000,
,,,0.447620000000,  -1.20000,
,,,0.447640000000,  -1.20000,
,,,0.447660000000,  -1.28000,
,,,0.447680000000,  -1.28000,
,,,0.447700000000,  -1.20000,
,,,0.447720000000,  -1.28000,
,,,0.447740000000,  -1.20000,
,,,0.447760000000,  -1.28000,
,,,0.447780000000,  -1.28000,
,,,0.447800000000,  -1.20000,
,,,0.447820000000,  -1.20000,
,,,0.447840000000,  -1.28000,
,,,0.447860000000,  -1.28000,
,,,0.447880000000,  -1.20000,
,,,0.447900000000,  -1.28000,
,,,0.447920000000,  -1.28000,
,,,0.447940000000,  -1.28000,
,,,0.447960000000,  -1.28000,
,,,0.447980000000,  -1.28000,
,,,0.448000000000,  -1.20000,
,,,0.448020000000,  -1.28000,
,,,0.448040000000,  -1.28000,
,,,0.448060000000,  -1.28000,
,,,0.448080000000,  -1.28000,
,,,0.448100000000,  -1.28000,
,,,0.448120000000,  -1.28000,
,,,0.448140000000,  -1.28000,
,,,0.448160000000,  -1.28000,
,,,0.448180000000,  -1.28000,
,,,0.448200000000,  -1.28000,
,,,0.448220000000,  -1.28000,
,,,0.448240000000,  -1.28000,
,,,0.448260000000,  -1.28000,
,,,0.448280000000,  -1.36000,
,,,0.448300000000,  -1.36000,
,,,0.448320000000,  -1.28000,
,,,0.448340000000,  -1.28000,
,,,0.448360000000,  -1.28000,
,,,0.448380000000,  -1.28000,
,,,0.448400000000,  -1.28000,
,,,0.448420000000,  -1.28000,
,,,0.448440000000,  -1.28000,
,,,0.448460000000,  -1.28000,
,,,0.448480000000,  -1.28000,
,,,0.448500000000,  -1.36000,
,,,0.448520000000,  -1.36000,
,,,0.448540000000,  -1.28000,
,,,0.448560000000,  -1.28000,
,,,0.448580000000,  -1.28000,
,,,0.448600000000,  -1.28000,
,,,0.448620000000,  -1.28000,
,,,0.448640000000,  -1.36000,
,,,0.448660000000,  -1.28000,
,,,0.448680000000,  -1.28000,
,,,0.448700000000,  -1.28000,
,,,0.448720000000,  -1.36000,
,,,0.448740000000,  -1.36000,
,,,0.448760000000,  -1.36000,
,,,0.448780000000,  -1.28000,
,,,0.448800000000,  -1.28000,
,,,0.448820000000,  -1.36000,
,,,0.448840000000,  -1.28000,
,,,0.448860000000,  -1.36000,
,,,0.448880000000,  -1.36000,
,,,0.448900000000,  -1.36000,
,,,0.448920000000,  -1.36000,
,,,0.448940000000,  -1.36000,
,,,0.448960000000,  -1.36000,
,,,0.448980000000,  -1.36000,
,,,0.449000000000,  -1.36000,
,,,0.449020000000,  -1.36000,
,,,0.449040000000,  -1.44000,
,,,0.449060000000,  -1.36000,
,,,0.449080000000,  -1.36000,
,,,0.449100000000,  -1.44000,
,,,0.449120000000,  -1.36000,
,,,0.449140000000,  -1.36000,
,,,0.449160000000,  -1.36000,
,,,0.449180000000,  -1.36000,
,,,0.449200000000,  -1.36000,
,,,0.449220000000,  -1.44000,
,,,0.449240000000,  -1.44000,
,,,0.449260000000,  -1.36000,
,,,0.449280000000,  -1.44000,
,,,0.449300000000,  -1.36000,
,,,0.449320000000,  -1.44000,
,,,0.449340000000,  -1.36000,
,,,0.449360000000,  -1.44000,
,,,0.449380000000,  -1.44000,
,,,0.449400000000,  -1.44000,
,,,0.449420000000,  -1.44000,
,,,0.449440000000,  -1.44000,
,,,0.449460000000,  -1.44000,
,,,0.449480000000,  -1.44000,
,,,0.449500000000,  -1.44000,
,,,0.449520000000,  -1.44000,
,,,0.449540000000,  -1.44000,
,,,0.449560000000,  -1.36000,
,,,0.449580000000,  -1.44000,
,,,0.449600000000,  -1.44000,
,,,0.449620000000,  -1.44000,
,,,0.449640000000,  -1.36000,
,,,0.449660000000,  -1.44000,
,,,0.449680000000,  -1.44000,
,,,0.449700000000,  -1.44000,
,,,0.449720000000,  -1.44000,
,,,0.449740000000,  -1.44000,
,,,0.449760000000,  -1.44000,
,,,0.449780000000,  -1.44000,
,,,0.449800000000,  -1.44000,
,,,0.449820000000,  -1.44000,
,,,0.449840000000,  -1.44000,
,,,0.449860000000,  -1.44000,
,,,0.449880000000,  -1.44000,
,,,0.449900000000,  -1.44000,
,,,0.449920000000,  -1.44000,
,,,0.449940000000,  -1.44000,
,,,0.449960000000,  -1.44000,
,,,0.449980000000,  -1.44000,
,,,0.450000000000,  -1.44000,
,,,0.450020000000,  -1.44000,
,,,0.450040000000,  -1.44000,
,,,0.450060000000,  -1.44000,
,,,0.450080000000,  -1.44000,
,,,0.450100000000,  -1.44000,
,,,0.450120000000,  -1.44000,
,,,0.450140000000,  -1.44000,
,,,0.450160000000,  -1.44000,
,,,0.450180000000,  -1.44000,
,,,0.450200000000,  -1.44000,
,,,0.450220000000,  -1.44000,
,,,0.450240000000,  -1.44000,
,,,0.450260000000,  -1.44000,
,,,0.450280000000,  -1.44000,
,,,0.450300000000,  -1.52000,
,,,0.450320000000,  -1.44000,
,,,0.450340000000,  -1.44000,
,,,0.450360000000,  -1.44000,
,,,0.450380000000,  -1.52000,
,,,0.450400000000,  -1.44000,
,,,0.450420000000,  -1.44000,
,,,0.450440000000,  -1.52000,
,,,0.450460000000,  -1.52000,
,,,0.450480000000,  -1.44000,
,,,0.450500000000,  -1.44000,
,,,0.450520000000,  -1.44000,
,,,0.450540000000,  -1.44000,
,,,0.450560000000,  -1.44000,
,,,0.450580000000,  -1.44000,
,,,0.450600000000,  -1.52000,
,,,0.450620000000,  -1.52000,
,,,0.450640000000,  -1.52000,
,,,0.450660000000,  -1.52000,
,,,0.450680000000,  -1.52000,
,,,0.450700000000,  -1.52000,
,,,0.450720000000,  -1.52000,
,,,0.450740000000,  -1.52000,
,,,0.450760000000,  -1.44000,
,,,0.450780000000,  -1.52000,
,,,0.450800000000,  -1.44000,
,,,0.450820000000,  -1.52000,
,,,0.450840000000,  -1.52000,
,,,0.450860000000,  -1.52000,
,,,0.450880000000,  -1.52000,
,,,0.450900000000,  -1.52000,
,,,0.450920000000,  -1.52000,
,,,0.450940000000,  -1.52000,
,,,0.450960000000,  -1.52000,
,,,0.450980000000,  -1.52000,
,,,0.451000000000,  -1.52000,
,,,0.451020000000,  -1.44000,
,,,0.451040000000,  -1.44000,
,,,0.451060000000,  -1.52000,
,,,0.451080000000,  -1.52000,
,,,0.451100000000,  -1.52000,
,,,0.451120000000,  -1.52000,
,,,0.451140000000,  -1.52000,
,,,0.451160000000,  -1.52000,
,,,0.451180000000,  -1.52000,
,,,0.451200000000,  -1.60000,
,,,0.451220000000,  -1.52000,
,,,0.451240000000,  -1.52000,
,,,0.451260000000,  -1.52000,
,,,0.451280000000,  -1.52000,
,,,0.451300000000,  -1.52000,
,,,0.451320000000,  -1.52000,
,,,0.451340000000,  -1.52000,
,,,0.451360000000,  -1.52000,
,,,0.451380000000,  -1.52000,
,,,0.451400000000,  -1.60000,
,,,0.451420000000,  -1.52000,
,,,0.451440000000,  -1.52000,
,,,0.451460000000,  -1.60000,
,,,0.451480000000,  -1.60000,
,,,0.451500000000,  -1.60000,
,,,0.451520000000,  -1.60000,
,,,0.451540000000,  -1.60000,
,,,0.451560000000,  -1.60000,
,,,0.451580000000,  -1.52000,
,,,0.451600000000,  -1.60000,
,,,0.451620000000,  -1.60000,
,,,0.451640000000,  -1.52000,
,,,0.451660000000,  -1.52000,
,,,0.451680000000,  -1.60000,
,,,0.451700000000,  -1.60000,
,,,0.451720000000,  -1.52000,
,,,0.451740000000,  -1.52000,
,,,0.451760000000,  -1.60000,
,,,0.451780000000,  -1.60000,
,,,0.451800000000,  -1.60000,
,,,0.451820000000,  -1.60000,
,,,0.451840000000,  -1.52000,
,,,0.451860000000,  -1.60000,
,,,0.451880000000,  -1.60000,
,,,0.451900000000,  -1.60000,
,,,0.451920000000,  -1.60000,
,,,0.451940000000,  -1.52000,
,,,0.451960000000,  -1.52000,
,,,0.451980000000,  -1.60000,
,,,0.452000000000,  -1.68000,
,,,0.452020000000,  -1.68000,
,,,0.452040000000,  -1.60000,
,,,0.452060000000,  -1.60000,
,,,0.452080000000,  -1.60000,
,,,0.452100000000,  -1.68000,
,,,0.452120000000,  -1.52000,
,,,0.452140000000,  -1.60000,
,,,0.452160000000,  -1.52000,
,,,0.452180000000,  -1.60000,
,,,0.452200000000,  -1.60000,
,,,0.452220000000,  -1.68000,
,,,0.452240000000,  -1.68000,
,,,0.452260000000,  -1.68000,
,,,0.452280000000,  -1.60000,
,,,0.452300000000,  -1.60000,
,,,0.452320000000,  -1.60000,
,,,0.452340000000,  -1.60000,
,,,0.452360000000,  -1.68000,
,,,0.452380000000,  -1.68000,
,,,0.452400000000,  -1.68000,
,,,0.452420000000,  -1.68000,
,,,0.452440000000,  -1.68000,
,,,0.452460000000,  -1.60000,
,,,0.452480000000,  -1.68000,
,,,0.452500000000,  -1.60000,
,,,0.452520000000,  -1.68000,
,,,0.452540000000,  -1.68000,
,,,0.452560000000,  -1.68000,
,,,0.452580000000,  -1.60000,
,,,0.452600000000,  -1.68000,
,,,0.452620000000,  -1.60000,
,,,0.452640000000,  -1.68000,
,,,0.452660000000,  -1.68000,
,,,0.452680000000,  -1.68000,
,,,0.452700000000,  -1.68000,
,,,0.452720000000,  -1.68000,
,,,0.452740000000,  -1.68000,
,,,0.452760000000,  -1.68000,
,,,0.452780000000,  -1.68000,
,,,0.452800000000,  -1.68000,
,,,0.452820000000,  -1.68000,
,,,0.452840000000,  -1.68000,
,,,0.452860000000,  -1.68000,
,,,0.452880000000,  -1.60000,
,,,0.452900000000,  -1.68000,
,,,0.452920000000,  -1.68000,
,,,0.452940000000,  -1.68000,
,,,0.452960000000,  -1.68000,
,,,0.452980000000,  -1.68000,
,,,0.453000000000,  -1.68000,
,,,0.453020000000,  -1.68000,
,,,0.453040000000,  -1.68000,
,,,0.453060000000,  -1.68000,
,,,0.453080000000,  -1.68000,
,,,0.453100000000,  -1.68000,
,,,0.453120000000,  -1.68000,
,,,0.453140000000,  -1.68000,
,,,0.453160000000,  -1.68000,
,,,0.453180000000,  -1.68000,
,,,0.453200000000,  -1.68000,
,,,0.453220000000,  -1.68000,
,,,0.453240000000,  -1.68000,
,,,0.453260000000,  -1.68000,
,,,0.453280000000,  -1.68000,
,,,0.453300000000,  -1.68000,
,,,0.453320000000,  -1.68000,
,,,0.453340000000,  -1.68000,
,,,0.453360000000,  -1.68000,
,,,0.453380000000,  -1.68000,
,,,0.453400000000,  -1.68000,
,,,0.453420000000,  -1.68000,
,,,0.453440000000,  -1.76000,
,,,0.453460000000,  -1.68000,
,,,0.453480000000,  -1.76000,
,,,0.453500000000,  -1.68000,
,,,0.453520000000,  -1.68000,
,,,0.453540000000,  -1.68000,
,,,0.453560000000,  -1.76000,
,,,0.453580000000,  -1.68000,
,,,0.453600000000,  -1.68000,
,,,0.453620000000,  -1.76000,
,,,0.453640000000,  -1.76000,
,,,0.453660000000,  -1.68000,
,,,0.453680000000,  -1.76000,
,,,0.453700000000,  -1.68000,
,,,0.453720000000,  -1.76000,
,,,0.453740000000,  -1.76000,
,,,0.453760000000,  -1.76000,
,,,0.453780000000,  -1.76000,
,,,0.453800000000,  -1.76000,
,,,0.453820000000,  -1.76000,
,,,0.453840000000,  -1.76000,
,,,0.453860000000,  -1.76000,
,,,0.453880000000,  -1.76000,
,,,0.453900000000,  -1.76000,
,,,0.453920000000,  -1.76000,
,,,0.453940000000,  -1.68000,
,,,0.453960000000,  -1.76000,
,,,0.453980000000,  -1.76000,
,,,0.454000000000,  -1.76000,
,,,0.454020000000,  -1.76000,
,,,0.454040000000,  -1.68000,
,,,0.454060000000,  -1.76000,
,,,0.454080000000,  -1.68000,
,,,0.454100000000,  -1.68000,
,,,0.454120000000,  -1.76000,
,,,0.454140000000,  -1.76000,
,,,0.454160000000,  -1.76000,
,,,0.454180000000,  -1.76000,
,,,0.454200000000,  -1.68000,
,,,0.454220000000,  -1.76000,
,,,0.454240000000,  -1.76000,
,,,0.454260000000,  -1.76000,
,,,0.454280000000,  -1.76000,
,,,0.454300000000,  -1.76000,
,,,0.454320000000,  -1.76000,
,,,0.454340000000,  -1.76000,
,,,0.454360000000,  -1.76000,
,,,0.454380000000,  -1.76000,
,,,0.454400000000,  -1.76000,
,,,0.454420000000,  -1.76000,
,,,0.454440000000,  -1.76000,
,,,0.454460000000,  -1.76000,
,,,0.454480000000,  -1.76000,
,,,0.454500000000,  -1.76000,
,,,0.454520000000,  -1.84000,
,,,0.454540000000,  -1.84000,
,,,0.454560000000,  -1.84000,
,,,0.454580000000,  -1.84000,
,,,0.454600000000,  -1.84000,
,,,0.454620000000,  -1.76000,
,,,0.454640000000,  -1.76000,
,,,0.454660000000,  -1.76000,
,,,0.454680000000,  -1.84000,
,,,0.454700000000,  -1.76000,
,,,0.454720000000,  -1.84000,
,,,0.454740000000,  -1.84000,
,,,0.454760000000,  -1.84000,
,,,0.454780000000,  -1.76000,
,,,0.454800000000,  -1.76000,
,,,0.454820000000,  -1.84000,
,,,0.454840000000,  -1.76000,
,,,0.454860000000,  -1.84000,
,,,0.454880000000,  -1.84000,
,,,0.454900000000,  -1.76000,
,,,0.454920000000,  -1.84000,
,,,0.454940000000,  -1.84000,
,,,0.454960000000,  -1.84000,
,,,0.454980000000,  -1.84000,
,,,0.455000000000,  -1.84000,
,,,0.455020000000,  -1.84000,
,,,0.455040000000,  -1.84000,
,,,0.455060000000,  -1.84000,
,,,0.455080000000,  -1.84000,
,,,0.455100000000,  -1.84000,
,,,0.455120000000,  -1.84000,
,,,0.455140000000,  -1.84000,
,,,0.455160000000,  -1.76000,
,,,0.455180000000,  -1.84000,
,,,0.455200000000,  -1.84000,
,,,0.455220000000,  -1.84000,
,,,0.455240000000,  -1.84000,
,,,0.455260000000,  -1.92000,
,,,0.455280000000,  -1.84000,
,,,0.455300000000,  -1.84000,
,,,0.455320000000,  -1.84000,
,,,0.455340000000,  -1.92000,
,,,0.455360000000,  -1.84000,
,,,0.455380000000,  -1.84000,
,,,0.455400000000,  -1.84000,
,,,0.455420000000,  -1.84000,
,,,0.455440000000,  -1.84000,
,,,0.455460000000,  -1.84000,
,,,0.455480000000,  -1.84000,
,,,0.455500000000,  -1.84000,
,,,0.455520000000,  -1.92000,
,,,0.455540000000,  -1.84000,
,,,0.455560000000,  -1.84000,
,,,0.455580000000,  -1.92000,
,,,0.455600000000,  -1.84000,
,,,0.455620000000,  -1.92000,
,,,0.455640000000,  -1.92000,
,,,0.455660000000,  -1.84000,
,,,0.455680000000,  -1.92000,
,,,0.455700000000,  -1.92000,
,,,0.455720000000,  -1.92000,
,,,0.455740000000,  -1.92000,
,,,0.455760000000,  -1.76000,
,,,0.455780000000,  -1.84000,
,,,0.455800000000,  -1.92000,
,,,0.455820000000,  -1.84000,
,,,0.455840000000,  -1.84000,
,,,0.455860000000,  -1.92000,
,,,0.455880000000,  -1.92000,
,,,0.455900000000,  -1.92000,
,,,0.455920000000,  -1.84000,
,,,0.455940000000,  -1.92000,
,,,0.455960000000,  -1.92000,
,,,0.455980000000,  -1.92000,
,,,0.456000000000,  -1.92000,
,,,0.456020000000,  -1.84000,
,,,0.456040000000,  -1.92000,
,,,0.456060000000,  -1.92000,
,,,0.456080000000,  -1.92000,
,,,0.456100000000,  -1.92000,
,,,0.456120000000,  -1.92000,
,,,0.456140000000,  -1.92000,
,,,0.456160000000,  -1.92000,
,,,0.456180000000,  -1.92000,
,,,0.456200000000,  -2.00000,
,,,0.456220000000,  -1.92000,
,,,0.456240000000,  -1.92000,
,,,0.456260000000,  -1.92000,
,,,0.456280000000,  -1.92000,
,,,0.456300000000,  -1.92000,
,,,0.456320000000,  -1.92000,
,,,0.456340000000,  -2.00000,
,,,0.456360000000,  -1.92000,
,,,0.456380000000,  -1.92000,
,,,0.456400000000,  -2.00000,
,,,0.456420000000,  -1.92000,
,,,0.456440000000,  -1.92000,
,,,0.456460000000,  -1.92000,
,,,0.456480000000,  -1.92000,
,,,0.456500000000,  -1.92000,
,,,0.456520000000,  -1.92000,
,,,0.456540000000,  -1.92000,
,,,0.456560000000,  -1.92000,
,,,0.456580000000,  -1.92000,
,,,0.456600000000,  -1.92000,
,,,0.456620000000,  -1.92000,
,,,0.456640000000,  -1.92000,
,,,0.456660000000,  -2.00000,
,,,0.456680000000,  -1.92000,
,,,0.456700000000,  -1.92000,
,,,0.456720000000,  -1.92000,
,,,0.456740000000,  -1.92000,
,,,0.456760000000,  -2.00000,
,,,0.456780000000,  -1.92000,
,,,0.456800000000,  -1.92000,
,,,0.456820000000,  -2.00000,
,,,0.456840000000,  -2.00000,
,,,0.456860000000,  -2.00000,
,,,0.456880000000,  -2.00000,
,,,0.456900000000,  -2.00000,
,,,0.456920000000,  -2.00000,
,,,0.456940000000,  -2.00000,
,,,0.456960000000,  -1.92000,
,,,0.456980000000,  -2.00000,
,,,0.457000000000,  -2.00000,
,,,0.457020000000,  -2.00000,
,,,0.457040000000,  -1.92000,
,,,0.457060000000,  -1.92000,
,,,0.457080000000,  -1.92000,
,,,0.457100000000,  -2.00000,
,,,0.457120000000,  -2.00000,
,,,0.457140000000,  -2.00000,
,,,0.457160000000,  -2.00000,
,,,0.457180000000,  -2.00000,
,,,0.457200000000,  -2.00000,
,,,0.457220000000,  -2.00000,
,,,0.457240000000,  -1.92000,
,,,0.457260000000,  -2.00000,
,,,0.457280000000,  -2.00000,
,,,0.457300000000,  -1.92000,
,,,0.457320000000,  -2.00000,
,,,0.457340000000,  -2.00000,
,,,0.457360000000,  -2.00000,
,,,0.457380000000,  -2.00000,
,,,0.457400000000,  -2.08000,
,,,0.457420000000,  -2.00000,
,,,0.457440000000,  -2.00000,
,,,0.457460000000,  -2.00000,
,,,0.457480000000,  -2.00000,
,,,0.457500000000,  -2.00000,
,,,0.457520000000,  -2.00000,
,,,0.457540000000,  -2.00000,
,,,0.457560000000,  -2.00000,
,,,0.457580000000,  -2.00000,
,,,0.457600000000,  -2.00000,
,,,0.457620000000,  -2.08000,
,,,0.457640000000,  -2.00000,
,,,0.457660000000,  -2.08000,
,,,0.457680000000,  -2.00000,
,,,0.457700000000,  -2.08000,
,,,0.457720000000,  -2.08000,
,,,0.457740000000,  -2.00000,
,,,0.457760000000,  -2.08000,
,,,0.457780000000,  -2.00000,
,,,0.457800000000,  -2.00000,
,,,0.457820000000,  -2.08000,
,,,0.457840000000,  -2.00000,
,,,0.457860000000,  -2.00000,
,,,0.457880000000,  -2.00000,
,,,0.457900000000,  -2.08000,
,,,0.457920000000,  -2.08000,
,,,0.457940000000,  -2.08000,
,,,0.457960000000,  -2.08000,
,,,0.457980000000,  -2.08000,
,,,0.458000000000,  -2.08000,
,,,0.458020000000,  -2.08000,
,,,0.458040000000,  -2.08000,
,,,0.458060000000,  -2.08000,
,,,0.458080000000,  -2.00000,
,,,0.458100000000,  -2.08000,
,,,0.458120000000,  -2.08000,
,,,0.458140000000,  -2.08000,
,,,0.458160000000,  -2.08000,
,,,0.458180000000,  -2.08000,
,,,0.458200000000,  -2.16000,
,,,0.458220000000,  -2.08000,
,,,0.458240000000,  -2.08000,
,,,0.458260000000,  -2.08000,
,,,0.458280000000,  -2.08000,
,,,0.458300000000,  -2.08000,
,,,0.458320000000,  -2.08000,
,,,0.458340000000,  -2.08000,
,,,0.458360000000,  -2.08000,
,,,0.458380000000,  -2.08000,
,,,0.458400000000,  -2.16000,
,,,0.458420000000,  -2.08000,
,,,0.458440000000,  -2.08000,
,,,0.458460000000,  -2.16000,
,,,0.458480000000,  -2.16000,
,,,0.458500000000,  -2.08000,
,,,0.458520000000,  -2.16000,
,,,0.458540000000,  -2.16000,
,,,0.458560000000,  -2.08000,
,,,0.458580000000,  -2.16000,
,,,0.458600000000,  -2.08000,
,,,0.458620000000,  -2.16000,
,,,0.458640000000,  -2.16000,
,,,0.458660000000,  -2.16000,
,,,0.458680000000,  -2.08000,
,,,0.458700000000,  -2.16000,
,,,0.458720000000,  -2.16000,
,,,0.458740000000,  -2.16000,
,,,0.458760000000,  -2.08000,
,,,0.458780000000,  -2.08000,
,,,0.458800000000,  -2.16000,
,,,0.458820000000,  -2.16000,
,,,0.458840000000,  -2.08000,
,,,0.458860000000,  -2.16000,
,,,0.458880000000,  -2.16000,
,,,0.458900000000,  -2.16000,
,,,0.458920000000,  -2.08000,
,,,0.458940000000,  -2.08000,
,,,0.458960000000,  -2.08000,
,,,0.458980000000,  -2.16000,
,,,0.459000000000,  -2.16000,
,,,0.459020000000,  -2.16000,
,,,0.459040000000,  -2.16000,
,,,0.459060000000,  -2.16000,
,,,0.459080000000,  -2.16000,
,,,0.459100000000,  -2.16000,
,,,0.459120000000,  -2.16000,
,,,0.459140000000,  -2.16000,
,,,0.459160000000,  -2.16000,
,,,0.459180000000,  -2.16000,
,,,0.459200000000,  -2.16000,
,,,0.459220000000,  -2.16000,
,,,0.459240000000,  -2.16000,
,,,0.459260000000,  -2.16000,
,,,0.459280000000,  -2.16000,
,,,0.459300000000,  -2.08000,
,,,0.459320000000,  -2.16000,
,,,0.459340000000,  -2.16000,
,,,0.459360000000,  -2.16000,
,,,0.459380000000,  -2.16000,
,,,0.459400000000,  -2.16000,
,,,0.459420000000,  -2.24000,
,,,0.459440000000,  -2.24000,
,,,0.459460000000,  -2.16000,
,,,0.459480000000,  -2.16000,
,,,0.459500000000,  -2.16000,
,,,0.459520000000,  -2.16000,
,,,0.459540000000,  -2.16000,
,,,0.459560000000,  -2.16000,
,,,0.459580000000,  -2.24000,
,,,0.459600000000,  -2.16000,
,,,0.459620000000,  -2.16000,
,,,0.459640000000,  -2.24000,
,,,0.459660000000,  -2.24000,
,,,0.459680000000,  -2.24000,
,,,0.459700000000,  -2.16000,
,,,0.459720000000,  -2.16000,
,,,0.459740000000,  -2.16000,
,,,0.459760000000,  -2.16000,
,,,0.459780000000,  -2.24000,
,,,0.459800000000,  -2.24000,
,,,0.459820000000,  -2.16000,
,,,0.459840000000,  -2.24000,
,,,0.459860000000,  -2.16000,
,,,0.459880000000,  -2.24000,
,,,0.459900000000,  -2.24000,
,,,0.459920000000,  -2.24000,
,,,0.459940000000,  -2.24000,
,,,0.459960000000,  -2.16000,
,,,0.459980000000,  -2.16000,
,,,0.460000000000,  -2.24000,
,,,0.460020000000,  -2.24000,
,,,0.460040000000,  -2.24000,
,,,0.460060000000,  -2.24000,
,,,0.460080000000,  -2.24000,
,,,0.460100000000,  -2.24000,
,,,0.460120000000,  -2.16000,
,,,0.460140000000,  -2.24000,
,,,0.460160000000,  -2.24000,
,,,0.460180000000,  -2.24000,
,,,0.460200000000,  -2.32000,
,,,0.460220000000,  -2.24000,
,,,0.460240000000,  -2.24000,
,,,0.460260000000,  -2.24000,
,,,0.460280000000,  -2.32000,
,,,0.460300000000,  -2.24000,
,,,0.460320000000,  -2.24000,
,,,0.460340000000,  -2.24000,
,,,0.460360000000,  -2.24000,
,,,0.460380000000,  -2.24000,
,,,0.460400000000,  -2.24000,
,,,0.460420000000,  -2.24000,
,,,0.460440000000,  -2.24000,
,,,0.460460000000,  -2.24000,
,,,0.460480000000,  -2.24000,
,,,0.460500000000,  -2.24000,
,,,0.460520000000,  -2.24000,
,,,0.460540000000,  -2.32000,
,,,0.460560000000,  -2.24000,
,,,0.460580000000,  -2.24000,
,,,0.460600000000,  -2.32000,
,,,0.460620000000,  -2.32000,
,,,0.460640000000,  -2.24000,
,,,0.460660000000,  -2.24000,
,,,0.460680000000,  -2.24000,
,,,0.460700000000,  -2.32000,
,,,0.460720000000,  -2.24000,
,,,0.460740000000,  -2.24000,
,,,0.460760000000,  -2.24000,
,,,0.460780000000,  -2.32000,
,,,0.460800000000,  -2.32000,
,,,0.460820000000,  -2.32000,
,,,0.460840000000,  -2.24000,
,,,0.460860000000,  -2.32000,
,,,0.460880000000,  -2.32000,
,,,0.460900000000,  -2.32000,
,,,0.460920000000,  -2.24000,
,,,0.460940000000,  -2.24000,
,,,0.460960000000,  -2.24000,
,,,0.460980000000,  -2.32000,
,,,0.461000000000,  -2.32000,
,,,0.461020000000,  -2.24000,
,,,0.461040000000,  -2.32000,
,,,0.461060000000,  -2.24000,
,,,0.461080000000,  -2.32000,
,,,0.461100000000,  -2.32000,
,,,0.461120000000,  -2.32000,
,,,0.461140000000,  -2.32000,
,,,0.461160000000,  -2.32000,
,,,0.461180000000,  -2.32000,
,,,0.461200000000,  -2.32000,
,,,0.461220000000,  -2.40000,
,,,0.461240000000,  -2.32000,
,,,0.461260000000,  -2.32000,
,,,0.461280000000,  -2.32000,
,,,0.461300000000,  -2.32000,
,,,0.461320000000,  -2.32000,
,,,0.461340000000,  -2.40000,
,,,0.461360000000,  -2.32000,
,,,0.461380000000,  -2.32000,
,,,0.461400000000,  -2.32000,
,,,0.461420000000,  -2.32000,
,,,0.461440000000,  -2.32000,
,,,0.461460000000,  -2.32000,
,,,0.461480000000,  -2.32000,
,,,0.461500000000,  -2.40000,
,,,0.461520000000,  -2.40000,
,,,0.461540000000,  -2.40000,
,,,0.461560000000,  -2.40000,
,,,0.461580000000,  -2.32000,
,,,0.461600000000,  -2.40000,
,,,0.461620000000,  -2.40000,
,,,0.461640000000,  -2.40000,
,,,0.461660000000,  -2.32000,
,,,0.461680000000,  -2.32000,
,,,0.461700000000,  -2.32000,
,,,0.461720000000,  -2.32000,
,,,0.461740000000,  -2.32000,
,,,0.461760000000,  -2.40000,
,,,0.461780000000,  -2.40000,
,,,0.461800000000,  -2.32000,
,,,0.461820000000,  -2.32000,
,,,0.461840000000,  -2.40000,
,,,0.461860000000,  -2.40000,
,,,0.461880000000,  -2.40000,
,,,0.461900000000,  -2.40000,
,,,0.461920000000,  -2.40000,
,,,0.461940000000,  -2.40000,
,,,0.461960000000,  -2.40000,
,,,0.461980000000,  -2.40000,
,,,0.462000000000,  -2.40000,
,,,0.462020000000,  -2.40000,
,,,0.462040000000,  -2.40000,
,,,0.462060000000,  -2.40000,
,,,0.462080000000,  -2.40000,
,,,0.462100000000,  -2.40000,
,,,0.462120000000,  -2.32000,
,,,0.462140000000,  -2.40000,
,,,0.462160000000,  -2.40000,
,,,0.462180000000,  -2.40000,
,,,0.462200000000,  -2.40000,
,,,0.462220000000,  -2.40000,
,,,0.462240000000,  -2.40000,
,,,0.462260000000,  -2.40000,
,,,0.462280000000,  -2.40000,
,,,0.462300000000,  -2.40000,
,,,0.462320000000,  -2.40000,
,,,0.462340000000,  -2.40000,
,,,0.462360000000,  -2.40000,
,,,0.462380000000,  -2.40000,
,,,0.462400000000,  -2.40000,
,,,0.462420000000,  -2.40000,
,,,0.462440000000,  -2.40000,
,,,0.462460000000,  -2.40000,
,,,0.462480000000,  -2.40000,
,,,0.462500000000,  -2.40000,
,,,0.462520000000,  -2.40000,
,,,0.462540000000,  -2.40000,
,,,0.462560000000,  -2.40000,
,,,0.462580000000,  -2.40000,
,,,0.462600000000,  -2.48000,
,,,0.462620000000,  -2.40000,
,,,0.462640000000,  -2.48000,
,,,0.462660000000,  -2.40000,
,,,0.462680000000,  -2.40000,
,,,0.462700000000,  -2.40000,
,,,0.462720000000,  -2.40000,
,,,0.462740000000,  -2.40000,
,,,0.462760000000,  -2.40000,
,,,0.462780000000,  -2.48000,
,,,0.462800000000,  -2.48000,
,,,0.462820000000,  -2.48000,
,,,0.462840000000,  -2.48000,
,,,0.462860000000,  -2.40000,
,,,0.462880000000,  -2.40000,
,,,0.462900000000,  -2.40000,
,,,0.462920000000,  -2.40000,
,,,0.462940000000,  -2.40000,
,,,0.462960000000,  -2.40000,
,,,0.462980000000,  -2.40000,
,,,0.463000000000,  -2.40000,
,,,0.463020000000,  -2.40000,
,,,0.463040000000,  -2.40000,
,,,0.463060000000,  -2.40000,
,,,0.463080000000,  -2.40000,
,,,0.463100000000,  -2.32000,
,,,0.463120000000,  -2.40000,
,,,0.463140000000,  -2.40000,
,,,0.463160000000,  -2.40000,
,,,0.463180000000,  -2.40000,
,,,0.463200000000,  -2.40000,
,,,0.463220000000,  -2.40000,
,,,0.463240000000,  -2.40000,
,,,0.463260000000,  -2.40000,
,,,0.463280000000,  -2.40000,
,,,0.463300000000,  -2.40000,
,,,0.463320000000,  -2.40000,
,,,0.463340000000,  -2.40000,
,,,0.463360000000,  -2.40000,
,,,0.463380000000,  -2.40000,
,,,0.463400000000,  -2.40000,
,,,0.463420000000,  -2.40000,
,,,0.463440000000,  -2.40000,
,,,0.463460000000,  -2.32000,
,,,0.463480000000,  -2.40000,
,,,0.463500000000,  -2.40000,
,,,0.463520000000,  -2.40000,
,,,0.463540000000,  -2.32000,
,,,0.463560000000,  -2.40000,
,,,0.463580000000,  -2.40000,
,,,0.463600000000,  -2.32000,
,,,0.463620000000,  -2.40000,
,,,0.463640000000,  -2.32000,
,,,0.463660000000,  -2.32000,
,,,0.463680000000,  -2.32000,
,,,0.463700000000,  -2.32000,
,,,0.463720000000,  -2.40000,
,,,0.463740000000,  -2.40000,
,,,0.463760000000,  -2.32000,
,,,0.463780000000,  -2.32000,
,,,0.463800000000,  -2.32000,
,,,0.463820000000,  -2.32000,
,,,0.463840000000,  -2.40000,
,,,0.463860000000,  -2.32000,
,,,0.463880000000,  -2.32000,
,,,0.463900000000,  -2.32000,
,,,0.463920000000,  -2.32000,
,,,0.463940000000,  -2.32000,
,,,0.463960000000,  -2.32000,
,,,0.463980000000,  -2.32000,
,,,0.464000000000,  -2.32000,
,,,0.464020000000,  -2.32000,
,,,0.464040000000,  -2.32000,
,,,0.464060000000,  -2.32000,
,,,0.464080000000,  -2.32000,
,,,0.464100000000,  -2.32000,
,,,0.464120000000,  -2.32000,
,,,0.464140000000,  -2.32000,
,,,0.464160000000,  -2.32000,
,,,0.464180000000,  -2.24000,
,,,0.464200000000,  -2.32000,
,,,0.464220000000,  -2.32000,
,,,0.464240000000,  -2.24000,
,,,0.464260000000,  -2.40000,
,,,0.464280000000,  -2.32000,
,,,0.464300000000,  -2.32000,
,,,0.464320000000,  -2.32000,
,,,0.464340000000,  -2.32000,
,,,0.464360000000,  -2.32000,
,,,0.464380000000,  -2.24000,
,,,0.464400000000,  -2.32000,
,,,0.464420000000,  -2.32000,
,,,0.464440000000,  -2.32000,
,,,0.464460000000,  -2.32000,
,,,0.464480000000,  -2.32000,
,,,0.464500000000,  -2.32000,
,,,0.464520000000,  -2.24000,
,,,0.464540000000,  -2.24000,
,,,0.464560000000,  -2.16000,
,,,0.464580000000,  -2.32000,
,,,0.464600000000,  -2.24000,
,,,0.464620000000,  -2.32000,
,,,0.464640000000,  -2.24000,
,,,0.464660000000,  -2.24000,
,,,0.464680000000,  -2.24000,
,,,0.464700000000,  -2.24000,
,,,0.464720000000,  -2.24000,
,,,0.464740000000,  -2.24000,
,,,0.464760000000,  -2.24000,
,,,0.464780000000,  -2.24000,
,,,0.464800000000,  -2.24000,
,,,0.464820000000,  -2.24000,
,,,0.464840000000,  -2.24000,
,,,0.464860000000,  -2.24000,
,,,0.464880000000,  -2.24000,
,,,0.464900000000,  -2.24000,
,,,0.464920000000,  -2.24000,
,,,0.464940000000,  -2.24000,
,,,0.464960000000,  -2.24000,
,,,0.464980000000,  -2.24000,
,,,0.465000000000,  -2.24000,
,,,0.465020000000,  -2.24000,
,,,0.465040000000,  -2.24000,
,,,0.465060000000,  -2.16000,
,,,0.465080000000,  -2.24000,
,,,0.465100000000,  -2.24000,
,,,0.465120000000,  -2.24000,
,,,0.465140000000,  -2.24000,
,,,0.465160000000,  -2.24000,
,,,0.465180000000,  -2.16000,
,,,0.465200000000,  -2.24000,
,,,0.465220000000,  -2.16000,
,,,0.465240000000,  -2.24000,
,,,0.465260000000,  -2.16000,
,,,0.465280000000,  -2.24000,
,,,0.465300000000,  -2.24000,
,,,0.465320000000,  -2.24000,
,,,0.465340000000,  -2.24000,
,,,0.465360000000,  -2.16000,
,,,0.465380000000,  -2.16000,
,,,0.465400000000,  -2.24000,
,,,0.465420000000,  -2.16000,
,,,0.465440000000,  -2.16000,
,,,0.465460000000,  -2.16000,
,,,0.465480000000,  -2.24000,
,,,0.465500000000,  -2.16000,
,,,0.465520000000,  -2.16000,
,,,0.465540000000,  -2.16000,
,,,0.465560000000,  -2.24000,
,,,0.465580000000,  -2.24000,
,,,0.465600000000,  -2.16000,
,,,0.465620000000,  -2.16000,
,,,0.465640000000,  -2.16000,
,,,0.465660000000,  -2.16000,
,,,0.465680000000,  -2.16000,
,,,0.465700000000,  -2.16000,
,,,0.465720000000,  -2.16000,
,,,0.465740000000,  -2.16000,
,,,0.465760000000,  -2.16000,
,,,0.465780000000,  -2.16000,
,,,0.465800000000,  -2.16000,
,,,0.465820000000,  -2.16000,
,,,0.465840000000,  -2.24000,
,,,0.465860000000,  -2.24000,
,,,0.465880000000,  -2.16000,
,,,0.465900000000,  -2.08000,
,,,0.465920000000,  -2.16000,
,,,0.465940000000,  -2.24000,
,,,0.465960000000,  -2.16000,
,,,0.465980000000,  -2.16000,
,,,0.466000000000,  -2.16000,
,,,0.466020000000,  -2.08000,
,,,0.466040000000,  -2.16000,
,,,0.466060000000,  -2.16000,
,,,0.466080000000,  -2.16000,
,,,0.466100000000,  -2.16000,
,,,0.466120000000,  -2.16000,
,,,0.466140000000,  -2.16000,
,,,0.466160000000,  -2.08000,
,,,0.466180000000,  -2.08000,
,,,0.466200000000,  -2.16000,
,,,0.466220000000,  -2.16000,
,,,0.466240000000,  -2.16000,
,,,0.466260000000,  -2.08000,
,,,0.466280000000,  -2.16000,
,,,0.466300000000,  -2.16000,
,,,0.466320000000,  -2.16000,
,,,0.466340000000,  -2.08000,
,,,0.466360000000,  -2.16000,
,,,0.466380000000,  -2.08000,
,,,0.466400000000,  -2.08000,
,,,0.466420000000,  -2.16000,
,,,0.466440000000,  -2.08000,
,,,0.466460000000,  -2.08000,
,,,0.466480000000,  -2.08000,
,,,0.466500000000,  -2.08000,
,,,0.466520000000,  -2.08000,
,,,0.466540000000,  -2.08000,
,,,0.466560000000,  -2.16000,
,,,0.466580000000,  -2.08000,
,,,0.466600000000,  -2.16000,
,,,0.466620000000,  -2.08000,
,,,0.466640000000,  -2.08000,
,,,0.466660000000,  -2.08000,
,,,0.466680000000,  -2.08000,
,,,0.466700000000,  -2.08000,
,,,0.466720000000,  -2.08000,
,,,0.466740000000,  -2.08000,
,,,0.466760000000,  -2.08000,
,,,0.466780000000,  -2.08000,
,,,0.466800000000,  -2.08000,
,,,0.466820000000,  -2.08000,
,,,0.466840000000,  -2.16000,
,,,0.466860000000,  -2.08000,
,,,0.466880000000,  -2.08000,
,,,0.466900000000,  -2.08000,
,,,0.466920000000,  -2.00000,
,,,0.466940000000,  -2.08000,
,,,0.466960000000,  -2.08000,
,,,0.466980000000,  -2.08000,
,,,0.467000000000,  -2.08000,
,,,0.467020000000,  -2.08000,
,,,0.467040000000,  -2.00000,
,,,0.467060000000,  -2.08000,
,,,0.467080000000,  -2.08000,
,,,0.467100000000,  -2.08000,
,,,0.467120000000,  -2.08000,
,,,0.467140000000,  -2.08000,
,,,0.467160000000,  -2.08000,
,,,0.467180000000,  -2.00000,
,,,0.467200000000,  -2.00000,
,,,0.467220000000,  -2.08000,
,,,0.467240000000,  -2.00000,
,,,0.467260000000,  -2.08000,
,,,0.467280000000,  -2.08000,
,,,0.467300000000,  -2.00000,
,,,0.467320000000,  -2.08000,
,,,0.467340000000,  -2.00000,
,,,0.467360000000,  -2.08000,
,,,0.467380000000,  -2.00000,
,,,0.467400000000,  -2.00000,
,,,0.467420000000,  -2.00000,
,,,0.467440000000,  -2.08000,
,,,0.467460000000,  -2.00000,
,,,0.467480000000,  -2.08000,
,,,0.467500000000,  -2.00000,
,,,0.467520000000,  -2.08000,
,,,0.467540000000,  -2.00000,
,,,0.467560000000,  -2.00000,
,,,0.467580000000,  -2.00000,
,,,0.467600000000,  -2.00000,
,,,0.467620000000,  -2.00000,
,,,0.467640000000,  -2.00000,
,,,0.467660000000,  -2.00000,
,,,0.467680000000,  -2.00000,
,,,0.467700000000,  -2.00000,
,,,0.467720000000,  -2.00000,
,,,0.467740000000,  -2.00000,
,,,0.467760000000,  -2.00000,
,,,0.467780000000,  -2.00000,
,,,0.467800000000,  -2.00000,
,,,0.467820000000,  -2.00000,
,,,0.467840000000,  -2.00000,
,,,0.467860000000,  -2.00000,
,,,0.467880000000,  -2.00000,
,,,0.467900000000,  -2.00000,
,,,0.467920000000,  -2.00000,
,,,0.467940000000,  -2.00000,
,,,0.467960000000,  -2.00000,
,,,0.467980000000,  -2.00000,
,,,0.468000000000,  -2.00000,
,,,0.468020000000,  -2.00000,
,,,0.468040000000,  -2.00000,
,,,0.468060000000,  -1.92000,
,,,0.468080000000,  -2.00000,
,,,0.468100000000,  -2.00000,
,,,0.468120000000,  -2.00000,
,,,0.468140000000,  -2.00000,
,,,0.468160000000,  -2.00000,
,,,0.468180000000,  -2.00000,
,,,0.468200000000,  -2.00000,
,,,0.468220000000,  -2.00000,
,,,0.468240000000,  -1.92000,
,,,0.468260000000,  -2.00000,
,,,0.468280000000,  -2.00000,
,,,0.468300000000,  -2.00000,
,,,0.468320000000,  -2.00000,
,,,0.468340000000,  -1.92000,
,,,0.468360000000,  -2.00000,
,,,0.468380000000,  -1.92000,
,,,0.468400000000,  -2.00000,
,,,0.468420000000,  -1.92000,
,,,0.468440000000,  -1.92000,
,,,0.468460000000,  -1.92000,
,,,0.468480000000,  -1.92000,
,,,0.468500000000,  -1.92000,
,,,0.468520000000,  -1.92000,
,,,0.468540000000,  -1.92000,
,,,0.468560000000,  -1.92000,
,,,0.468580000000,  -1.92000,
,,,0.468600000000,  -1.92000,
,,,0.468620000000,  -1.92000,
,,,0.468640000000,  -1.92000,
,,,0.468660000000,  -1.92000,
,,,0.468680000000,  -1.92000,
,,,0.468700000000,  -1.92000,
,,,0.468720000000,  -1.92000,
,,,0.468740000000,  -1.92000,
,,,0.468760000000,  -1.92000,
,,,0.468780000000,  -1.92000,
,,,0.468800000000,  -1.92000,
,,,0.468820000000,  -1.92000,
,,,0.468840000000,  -1.92000,
,,,0.468860000000,  -1.92000,
,,,0.468880000000,  -1.92000,
,,,0.468900000000,  -1.92000,
,,,0.468920000000,  -2.00000,
,,,0.468940000000,  -1.92000,
,,,0.468960000000,  -1.92000,
,,,0.468980000000,  -1.92000,
,,,0.469000000000,  -1.92000,
,,,0.469020000000,  -1.92000,
,,,0.469040000000,  -1.92000,
,,,0.469060000000,  -1.92000,
,,,0.469080000000,  -1.92000,
,,,0.469100000000,  -1.92000,
,,,0.469120000000,  -1.92000,
,,,0.469140000000,  -1.92000,
,,,0.469160000000,  -1.92000,
,,,0.469180000000,  -1.92000,
,,,0.469200000000,  -1.84000,
,,,0.469220000000,  -1.92000,
,,,0.469240000000,  -1.92000,
,,,0.469260000000,  -1.92000,
,,,0.469280000000,  -1.84000,
,,,0.469300000000,  -1.92000,
,,,0.469320000000,  -1.92000,
,,,0.469340000000,  -1.84000,
,,,0.469360000000,  -1.92000,
,,,0.469380000000,  -1.92000,
,,,0.469400000000,  -1.92000,
,,,0.469420000000,  -1.84000,
,,,0.469440000000,  -1.92000,
,,,0.469460000000,  -1.92000,
,,,0.469480000000,  -1.84000,
,,,0.469500000000,  -1.84000,
,,,0.469520000000,  -1.92000,
,,,0.469540000000,  -1.84000,
,,,0.469560000000,  -1.84000,
,,,0.469580000000,  -1.84000,
,,,0.469600000000,  -1.84000,
,,,0.469620000000,  -1.92000,
,,,0.469640000000,  -1.84000,
,,,0.469660000000,  -1.84000,
,,,0.469680000000,  -1.84000,
,,,0.469700000000,  -1.92000,
,,,0.469720000000,  -1.84000,
,,,0.469740000000,  -1.84000,
,,,0.469760000000,  -1.84000,
,,,0.469780000000,  -1.84000,
,,,0.469800000000,  -1.84000,
,,,0.469820000000,  -1.76000,
,,,0.469840000000,  -1.84000,
,,,0.469860000000,  -1.84000,
,,,0.469880000000,  -1.84000,
,,,0.469900000000,  -1.84000,
,,,0.469920000000,  -1.84000,
,,,0.469940000000,  -1.84000,
,,,0.469960000000,  -1.84000,
,,,0.469980000000,  -1.84000,
,,,0.470000000000,  -1.84000,
,,,0.470020000000,  -1.84000,
,,,0.470040000000,  -1.84000,
,,,0.470060000000,  -1.76000,
,,,0.470080000000,  -1.84000,
,,,0.470100000000,  -1.76000,
,,,0.470120000000,  -1.76000,
,,,0.470140000000,  -1.84000,
,,,0.470160000000,  -1.84000,
,,,0.470180000000,  -1.84000,
,,,0.470200000000,  -1.84000,
,,,0.470220000000,  -1.84000,
,,,0.470240000000,  -1.84000,
,,,0.470260000000,  -1.76000,
,,,0.470280000000,  -1.76000,
,,,0.470300000000,  -1.76000,
,,,0.470320000000,  -1.84000,
,,,0.470340000000,  -1.84000,
,,,0.470360000000,  -1.76000,
,,,0.470380000000,  -1.84000,
,,,0.470400000000,  -1.76000,
,,,0.470420000000,  -1.76000,
,,,0.470440000000,  -1.84000,
,,,0.470460000000,  -1.76000,
,,,0.470480000000,  -1.76000,
,,,0.470500000000,  -1.76000,
,,,0.470520000000,  -1.76000,
,,,0.470540000000,  -1.84000,
,,,0.470560000000,  -1.76000,
,,,0.470580000000,  -1.76000,
,,,0.470600000000,  -1.84000,
,,,0.470620000000,  -1.76000,
,,,0.470640000000,  -1.76000,
,,,0.470660000000,  -1.76000,
,,,0.470680000000,  -1.76000,
,,,0.470700000000,  -1.76000,
,,,0.470720000000,  -1.76000,
,,,0.470740000000,  -1.84000,
,,,0.470760000000,  -1.76000,
,,,0.470780000000,  -1.68000,
,,,0.470800000000,  -1.76000,
,,,0.470820000000,  -1.76000,
,,,0.470840000000,  -1.76000,
,,,0.470860000000,  -1.76000,
,,,0.470880000000,  -1.76000,
,,,0.470900000000,  -1.76000,
,,,0.470920000000,  -1.76000,
,,,0.470940000000,  -1.76000,
,,,0.470960000000,  -1.76000,
,,,0.470980000000,  -1.76000,
,,,0.471000000000,  -1.76000,
,,,0.471020000000,  -1.76000,
,,,0.471040000000,  -1.76000,
,,,0.471060000000,  -1.76000,
,,,0.471080000000,  -1.76000,
,,,0.471100000000,  -1.76000,
,,,0.471120000000,  -1.76000,
,,,0.471140000000,  -1.76000,
,,,0.471160000000,  -1.68000,
,,,0.471180000000,  -1.68000,
,,,0.471200000000,  -1.76000,
,,,0.471220000000,  -1.76000,
,,,0.471240000000,  -1.76000,
,,,0.471260000000,  -1.68000,
,,,0.471280000000,  -1.76000,
,,,0.471300000000,  -1.76000,
,,,0.471320000000,  -1.68000,
,,,0.471340000000,  -1.76000,
,,,0.471360000000,  -1.68000,
,,,0.471380000000,  -1.76000,
,,,0.471400000000,  -1.76000,
,,,0.471420000000,  -1.68000,
,,,0.471440000000,  -1.68000,
,,,0.471460000000,  -1.76000,
,,,0.471480000000,  -1.68000,
,,,0.471500000000,  -1.68000,
,,,0.471520000000,  -1.68000,
,,,0.471540000000,  -1.76000,
,,,0.471560000000,  -1.68000,
,,,0.471580000000,  -1.68000,
,,,0.471600000000,  -1.68000,
,,,0.471620000000,  -1.68000,
,,,0.471640000000,  -1.68000,
,,,0.471660000000,  -1.76000,
,,,0.471680000000,  -1.68000,
,,,0.471700000000,  -1.68000,
,,,0.471720000000,  -1.68000,
,,,0.471740000000,  -1.68000,
,,,0.471760000000,  -1.68000,
,,,0.471780000000,  -1.68000,
,,,0.471800000000,  -1.68000,
,,,0.471820000000,  -1.68000,
,,,0.471840000000,  -1.76000,
,,,0.471860000000,  -1.68000,
,,,0.471880000000,  -1.68000,
,,,0.471900000000,  -1.76000,
,,,0.471920000000,  -1.68000,
,,,0.471940000000,  -1.68000,
,,,0.471960000000,  -1.68000,
,,,0.471980000000,  -1.68000,
,,,0.472000000000,  -1.68000,
,,,0.472020000000,  -1.68000,
,,,0.472040000000,  -1.68000,
,,,0.472060000000,  -1.68000,
,,,0.472080000000,  -1.68000,
,,,0.472100000000,  -1.68000,
,,,0.472120000000,  -1.68000,
,,,0.472140000000,  -1.68000,
,,,0.472160000000,  -1.68000,
,,,0.472180000000,  -1.68000,
,,,0.472200000000,  -1.68000,
,,,0.472220000000,  -1.68000,
,,,0.472240000000,  -1.68000,
,,,0.472260000000,  -1.68000,
,,,0.472280000000,  -1.68000,
,,,0.472300000000,  -1.68000,
,,,0.472320000000,  -1.68000,
,,,0.472340000000,  -1.68000,
,,,0.472360000000,  -1.68000,
,,,0.472380000000,  -1.68000,
,,,0.472400000000,  -1.68000,
,,,0.472420000000,  -1.68000,
,,,0.472440000000,  -1.68000,
,,,0.472460000000,  -1.60000,
,,,0.472480000000,  -1.68000,
,,,0.472500000000,  -1.68000,
,,,0.472520000000,  -1.68000,
,,,0.472540000000,  -1.68000,
,,,0.472560000000,  -1.68000,
,,,0.472580000000,  -1.68000,
,,,0.472600000000,  -1.68000,
,,,0.472620000000,  -1.68000,
,,,0.472640000000,  -1.68000,
,,,0.472660000000,  -1.68000,
,,,0.472680000000,  -1.68000,
,,,0.472700000000,  -1.52000,
,,,0.472720000000,  -1.60000,
,,,0.472740000000,  -1.68000,
,,,0.472760000000,  -1.60000,
,,,0.472780000000,  -1.60000,
,,,0.472800000000,  -1.60000,
,,,0.472820000000,  -1.60000,
,,,0.472840000000,  -1.68000,
,,,0.472860000000,  -1.60000,
,,,0.472880000000,  -1.60000,
,,,0.472900000000,  -1.60000,
,,,0.472920000000,  -1.60000,
,,,0.472940000000,  -1.60000,
,,,0.472960000000,  -1.60000,
,,,0.472980000000,  -1.60000,
,,,0.473000000000,  -1.68000,
,,,0.473020000000,  -1.60000,
,,,0.473040000000,  -1.52000,
,,,0.473060000000,  -1.60000,
,,,0.473080000000,  -1.60000,
,,,0.473100000000,  -1.60000,
,,,0.473120000000,  -1.60000,
,,,0.473140000000,  -1.60000,
,,,0.473160000000,  -1.60000,
,,,0.473180000000,  -1.60000,
,,,0.473200000000,  -1.52000,
,,,0.473220000000,  -1.60000,
,,,0.473240000000,  -1.60000,
,,,0.473260000000,  -1.60000,
,,,0.473280000000,  -1.60000,
,,,0.473300000000,  -1.52000,
,,,0.473320000000,  -1.52000,
,,,0.473340000000,  -1.60000,
,,,0.473360000000,  -1.52000,
,,,0.473380000000,  -1.60000,
,,,0.473400000000,  -1.60000,
,,,0.473420000000,  -1.52000,
,,,0.473440000000,  -1.60000,
,,,0.473460000000,  -1.52000,
,,,0.473480000000,  -1.52000,
,,,0.473500000000,  -1.60000,
,,,0.473520000000,  -1.60000,
,,,0.473540000000,  -1.52000,
,,,0.473560000000,  -1.52000,
,,,0.473580000000,  -1.60000,
,,,0.473600000000,  -1.52000,
,,,0.473620000000,  -1.52000,
,,,0.473640000000,  -1.52000,
,,,0.473660000000,  -1.52000,
,,,0.473680000000,  -1.60000,
,,,0.473700000000,  -1.52000,
,,,0.473720000000,  -1.60000,
,,,0.473740000000,  -1.52000,
,,,0.473760000000,  -1.52000,
,,,0.473780000000,  -1.52000,
,,,0.473800000000,  -1.60000,
,,,0.473820000000,  -1.52000,
,,,0.473840000000,  -1.60000,
,,,0.473860000000,  -1.52000,
,,,0.473880000000,  -1.44000,
,,,0.473900000000,  -1.52000,
,,,0.473920000000,  -1.52000,
,,,0.473940000000,  -1.60000,
,,,0.473960000000,  -1.52000,
,,,0.473980000000,  -1.52000,
,,,0.474000000000,  -1.60000,
,,,0.474020000000,  -1.52000,
,,,0.474040000000,  -1.52000,
,,,0.474060000000,  -1.52000,
,,,0.474080000000,  -1.52000,
,,,0.474100000000,  -1.52000,
,,,0.474120000000,  -1.44000,
,,,0.474140000000,  -1.52000,
,,,0.474160000000,  -1.52000,
,,,0.474180000000,  -1.52000,
,,,0.474200000000,  -1.52000,
,,,0.474220000000,  -1.52000,
,,,0.474240000000,  -1.44000,
,,,0.474260000000,  -1.44000,
,,,0.474280000000,  -1.52000,
,,,0.474300000000,  -1.44000,
,,,0.474320000000,  -1.52000,
,,,0.474340000000,  -1.52000,
,,,0.474360000000,  -1.52000,
,,,0.474380000000,  -1.52000,
,,,0.474400000000,  -1.52000,
,,,0.474420000000,  -1.44000,
,,,0.474440000000,  -1.44000,
,,,0.474460000000,  -1.44000,
,,,0.474480000000,  -1.52000,
,,,0.474500000000,  -1.44000,
,,,0.474520000000,  -1.44000,
,,,0.474540000000,  -1.44000,
,,,0.474560000000,  -1.52000,
,,,0.474580000000,  -1.44000,
,,,0.474600000000,  -1.44000,
,,,0.474620000000,  -1.52000,
,,,0.474640000000,  -1.52000,
,,,0.474660000000,  -1.44000,
,,,0.474680000000,  -1.44000,
,,,0.474700000000,  -1.44000,
,,,0.474720000000,  -1.52000,
,,,0.474740000000,  -1.44000,
,,,0.474760000000,  -1.52000,
,,,0.474780000000,  -1.44000,
,,,0.474800000000,  -1.44000,
,,,0.474820000000,  -1.52000,
,,,0.474840000000,  -1.44000,
,,,0.474860000000,  -1.44000,
,,,0.474880000000,  -1.44000,
,,,0.474900000000,  -1.44000,
,,,0.474920000000,  -1.44000,
,,,0.474940000000,  -1.44000,
,,,0.474960000000,  -1.44000,
,,,0.474980000000,  -1.44000,
,,,0.475000000000,  -1.44000,
,,,0.475020000000,  -1.44000,
,,,0.475040000000,  -1.44000,
,,,0.475060000000,  -1.44000,
,,,0.475080000000,  -1.44000,
,,,0.475100000000,  -1.44000,
,,,0.475120000000,  -1.44000,
,,,0.475140000000,  -1.44000,
,,,0.475160000000,  -1.44000,
,,,0.475180000000,  -1.36000,
,,,0.475200000000,  -1.44000,
,,,0.475220000000,  -1.44000,
,,,0.475240000000,  -1.44000,
,,,0.475260000000,  -1.44000,
,,,0.475280000000,  -1.44000,
,,,0.475300000000,  -1.36000,
,,,0.475320000000,  -1.44000,
,,,0.475340000000,  -1.44000,
,,,0.475360000000,  -1.44000,
,,,0.475380000000,  -1.44000,
,,,0.475400000000,  -1.44000,
,,,0.475420000000,  -1.44000,
,,,0.475440000000,  -1.44000,
,,,0.475460000000,  -1.44000,
,,,0.475480000000,  -1.44000,
,,,0.475500000000,  -1.36000,
,,,0.475520000000,  -1.44000,
,,,0.475540000000,  -1.36000,
,,,0.475560000000,  -1.36000,
,,,0.475580000000,  -1.36000,
,,,0.475600000000,  -1.36000,
,,,0.475620000000,  -1.36000,
,,,0.475640000000,  -1.36000,
,,,0.475660000000,  -1.36000,
,,,0.475680000000,  -1.36000,
,,,0.475700000000,  -1.36000,
,,,0.475720000000,  -1.36000,
,,,0.475740000000,  -1.44000,
,,,0.475760000000,  -1.36000,
,,,0.475780000000,  -1.36000,
,,,0.475800000000,  -1.36000,
,,,0.475820000000,  -1.36000,
,,,0.475840000000,  -1.36000,
,,,0.475860000000,  -1.36000,
,,,0.475880000000,  -1.36000,
,,,0.475900000000,  -1.36000,
,,,0.475920000000,  -1.36000,
,,,0.475940000000,  -1.36000,
,,,0.475960000000,  -1.36000,
,,,0.475980000000,  -1.36000,
,,,0.476000000000,  -1.36000,
,,,0.476020000000,  -1.36000,
,,,0.476040000000,  -1.36000,
,,,0.476060000000,  -1.28000,
,,,0.476080000000,  -1.28000,
,,,0.476100000000,  -1.36000,
,,,0.476120000000,  -1.36000,
,,,0.476140000000,  -1.36000,
,,,0.476160000000,  -1.36000,
,,,0.476180000000,  -1.36000,
,,,0.476200000000,  -1.36000,
,,,0.476220000000,  -1.28000,
,,,0.476240000000,  -1.36000,
,,,0.476260000000,  -1.28000,
,,,0.476280000000,  -1.36000,
,,,0.476300000000,  -1.28000,
,,,0.476320000000,  -1.28000,
,,,0.476340000000,  -1.36000,
,,,0.476360000000,  -1.36000,
,,,0.476380000000,  -1.36000,
,,,0.476400000000,  -1.36000,
,,,0.476420000000,  -1.28000,
,,,0.476440000000,  -1.28000,
,,,0.476460000000,  -1.28000,
,,,0.476480000000,  -1.36000,
,,,0.476500000000,  -1.36000,
,,,0.476520000000,  -1.28000,
,,,0.476540000000,  -1.28000,
,,,0.476560000000,  -1.28000,
,,,0.476580000000,  -1.28000,
,,,0.476600000000,  -1.28000,
,,,0.476620000000,  -1.28000,
,,,0.476640000000,  -1.28000,
,,,0.476660000000,  -1.28000,
,,,0.476680000000,  -1.36000,
,,,0.476700000000,  -1.28000,
,,,0.476720000000,  -1.28000,
,,,0.476740000000,  -1.36000,
,,,0.476760000000,  -1.28000,
,,,0.476780000000,  -1.28000,
,,,0.476800000000,  -1.28000,
,,,0.476820000000,  -1.28000,
,,,0.476840000000,  -1.28000,
,,,0.476860000000,  -1.28000,
,,,0.476880000000,  -1.20000,
,,,0.476900000000,  -1.28000,
,,,0.476920000000,  -1.28000,
,,,0.476940000000,  -1.20000,
,,,0.476960000000,  -1.28000,
,,,0.476980000000,  -1.28000,
,,,0.477000000000,  -1.28000,
,,,0.477020000000,  -1.28000,
,,,0.477040000000,  -1.28000,
,,,0.477060000000,  -1.20000,
,,,0.477080000000,  -1.20000,
,,,0.477100000000,  -1.28000,
,,,0.477120000000,  -1.28000,
,,,0.477140000000,  -1.28000,
,,,0.477160000000,  -1.20000,
,,,0.477180000000,  -1.28000,
,,,0.477200000000,  -1.20000,
,,,0.477220000000,  -1.20000,
,,,0.477240000000,  -1.28000,
,,,0.477260000000,  -1.20000,
,,,0.477280000000,  -1.20000,
,,,0.477300000000,  -1.20000,
,,,0.477320000000,  -1.20000,
,,,0.477340000000,  -1.20000,
,,,0.477360000000,  -1.28000,
,,,0.477380000000,  -1.28000,
,,,0.477400000000,  -1.20000,
,,,0.477420000000,  -1.28000,
,,,0.477440000000,  -1.20000,
,,,0.477460000000,  -1.28000,
,,,0.477480000000,  -1.20000,
,,,0.477500000000,  -1.20000,
,,,0.477520000000,  -1.20000,
,,,0.477540000000,  -1.20000,
,,,0.477560000000,  -1.20000,
,,,0.477580000000,  -1.20000,
,,,0.477600000000,  -1.20000,
,,,0.477620000000,  -1.20000,
,,,0.477640000000,  -1.20000,
,,,0.477660000000,  -1.20000,
,,,0.477680000000,  -1.28000,
,,,0.477700000000,  -1.20000,
,,,0.477720000000,  -1.20000,
,,,0.477740000000,  -1.20000,
,,,0.477760000000,  -1.20000,
,,,0.477780000000,  -1.20000,
,,,0.477800000000,  -1.20000,
,,,0.477820000000,  -1.20000,
,,,0.477840000000,  -1.20000,
,,,0.477860000000,  -1.20000,
,,,0.477880000000,  -1.20000,
,,,0.477900000000,  -1.20000,
,,,0.477920000000,  -1.20000,
,,,0.477940000000,  -1.20000,
,,,0.477960000000,  -1.20000,
,,,0.477980000000,  -1.20000,
,,,0.478000000000,  -1.20000,
,,,0.478020000000,  -1.12000,
,,,0.478040000000,  -1.12000,
,,,0.478060000000,  -1.20000,
,,,0.478080000000,  -1.12000,
,,,0.478100000000,  -1.20000,
,,,0.478120000000,  -1.20000,
,,,0.478140000000,  -1.20000,
,,,0.478160000000,  -1.20000,
,,,0.478180000000,  -1.20000,
,,,0.478200000000,  -1.20000,
,,,0.478220000000,  -1.20000,
,,,0.478240000000,  -1.20000,
,,,0.478260000000,  -1.20000,
,,,0.478280000000,  -1.20000,
,,,0.478300000000,  -1.20000,
,,,0.478320000000,  -1.12000,
,,,0.478340000000,  -1.20000,
,,,0.478360000000,  -1.20000,
,,,0.478380000000,  -1.12000,
,,,0.478400000000,  -1.20000,
,,,0.478420000000,  -1.12000,
,,,0.478440000000,  -1.20000,
,,,0.478460000000,  -1.20000,
,,,0.478480000000,  -1.20000,
,,,0.478500000000,  -1.20000,
,,,0.478520000000,  -1.12000,
,,,0.478540000000,  -1.12000,
,,,0.478560000000,  -1.12000,
,,,0.478580000000,  -1.20000,
,,,0.478600000000,  -1.12000,
,,,0.478620000000,  -1.12000,
,,,0.478640000000,  -1.12000,
,,,0.478660000000,  -1.20000,
,,,0.478680000000,  -1.20000,
,,,0.478700000000,  -1.20000,
,,,0.478720000000,  -1.12000,
,,,0.478740000000,  -1.12000,
,,,0.478760000000,  -1.20000,
,,,0.478780000000,  -1.12000,
,,,0.478800000000,  -1.12000,
,,,0.478820000000,  -1.12000,
,,,0.478840000000,  -1.04000,
,,,0.478860000000,  -1.20000,
,,,0.478880000000,  -1.12000,
,,,0.478900000000,  -1.12000,
,,,0.478920000000,  -1.12000,
,,,0.478940000000,  -1.12000,
,,,0.478960000000,  -1.20000,
,,,0.478980000000,  -1.12000,
,,,0.479000000000,  -1.12000,
,,,0.479020000000,  -1.12000,
,,,0.479040000000,  -1.04000,
,,,0.479060000000,  -1.12000,
,,,0.479080000000,  -1.12000,
,,,0.479100000000,  -1.12000,
,,,0.479120000000,  -1.12000,
,,,0.479140000000,  -1.12000,
,,,0.479160000000,  -1.12000,
,,,0.479180000000,  -1.04000,
,,,0.479200000000,  -1.04000,
,,,0.479220000000,  -1.12000,
,,,0.479240000000,  -1.04000,
,,,0.479260000000,  -1.12000,
,,,0.479280000000,  -1.12000,
,,,0.479300000000,  -1.04000,
,,,0.479320000000,  -1.12000,
,,,0.479340000000,  -1.12000,
,,,0.479360000000,  -1.04000,
,,,0.479380000000,  -1.12000,
,,,0.479400000000,  -1.04000,
,,,0.479420000000,  -1.04000,
,,,0.479440000000,  -1.12000,
,,,0.479460000000,  -1.04000,
,,,0.479480000000,  -1.12000,
,,,0.479500000000,  -1.04000,
,,,0.479520000000,  -1.04000,
,,,0.479540000000,  -1.04000,
,,,0.479560000000,  -1.04000,
,,,0.479580000000,  -1.12000,
,,,0.479600000000,  -1.04000,
,,,0.479620000000,  -1.04000,
,,,0.479640000000,  -1.04000,
,,,0.479660000000,  -1.04000,
,,,0.479680000000,  -1.04000,
,,,0.479700000000,  -1.04000,
,,,0.479720000000,  -1.04000,
,,,0.479740000000,  -1.04000,
,,,0.479760000000,  -1.04000,
,,,0.479780000000,  -1.04000,
,,,0.479800000000,  -1.04000,
,,,0.479820000000,  -1.04000,
,,,0.479840000000,  -1.04000,
,,,0.479860000000,  -1.04000,
,,,0.479880000000,  -1.04000,
,,,0.479900000000,  -1.04000,
,,,0.479920000000,  -1.04000,
,,,0.479940000000,  -1.04000,
,,,0.479960000000,  -1.04000,
,,,0.479980000000,  -1.04000,
,,,0.480000000000,  -1.04000,
,,,0.480020000000,  -1.04000,
,,,0.480040000000,  -1.04000,
,,,0.480060000000,  -1.04000,
,,,0.480080000000,  -1.04000,
,,,0.480100000000,  -1.04000,
,,,0.480120000000,  -1.04000,
,,,0.480140000000,  -1.04000,
,,,0.480160000000,  -1.04000,
,,,0.480180000000,  -1.04000,
